dataset,retriever,diffusion_alpha,hop,global_certificate_rate,pairwise_certificate_rate,ordered_certificate_rate,global_certificate_violations,pairwise_certificate_violations,ordered_certificate_violations,topk_changed_rate,ordering_changed_rate
hotpotqa,sentence-transformers/all-MiniLM-L6-v2,0.1,1,0.0,0.0,0.0,0,0,0,0.05055611729019211,0.14964610717896865
hotpotqa,sentence-transformers/all-MiniLM-L6-v2,0.1,2,0.0,0.0,0.0,0,0,0,0.03943377148634985,0.13245702730030334
hotpotqa,sentence-transformers/all-MiniLM-L6-v2,0.1,3,0.0,0.0,0.0,0,0,0,0.034378159757330634,0.1243680485338726
hotpotqa,sentence-transformers/all-MiniLM-L6-v2,0.1,4,0.0,0.0,0.0,0,0,0,0.033367037411526794,0.10111223458038422
hotpotqa,sentence-transformers/all-MiniLM-L6-v2,0.1,5,0.0,0.0,0.0,0,0,0,0.0262891809908999,0.0910010111223458
hotpotqa,sentence-transformers/all-MiniLM-L6-v2,0.2,1,0.0,0.0,0.0,0,0,0,0.0980788675429727,0.282103134479272
hotpotqa,sentence-transformers/all-MiniLM-L6-v2,0.2,2,0.0,0.0,0.0,0,0,0,0.06774519716885744,0.21435793731041455
hotpotqa,sentence-transformers/all-MiniLM-L6-v2,0.2,3,0.0,0.0,0.0,0,0,0,0.056622851365015166,0.1678463094034378
hotpotqa,sentence-transformers/all-MiniLM-L6-v2,0.2,4,0.0,0.0,0.0,0,0,0,0.03134479271991911,0.12942366026289182
hotpotqa,sentence-transformers/all-MiniLM-L6-v2,0.2,5,0.0,0.0,0.0,0,0,0,0.023255813953488372,0.11122345803842265
hotpotqa,sentence-transformers/all-MiniLM-L6-v2,0.4,1,0.0,0.0,0.0,0,0,0,0.1769464105156724,0.47017189079878663
hotpotqa,sentence-transformers/all-MiniLM-L6-v2,0.4,2,0.0,0.0,0.0,0,0,0,0.09403437815975733,0.2901921132457027
hotpotqa,sentence-transformers/all-MiniLM-L6-v2,0.4,3,0.0,0.0,0.0,0,0,0,0.05358948432760364,0.17795753286147623
hotpotqa,sentence-transformers/all-MiniLM-L6-v2,0.4,4,0.0,0.0,0.0,0,0,0,0.03538928210313448,0.13346814964610718
hotpotqa,sentence-transformers/all-MiniLM-L6-v2,0.4,5,0.0,0.004044489383215369,0.0,0,0,0,0.021233569261880688,0.07583417593528817
hotpotqa,sentence-transformers/all-MiniLM-L6-v2,0.6,1,0.0,0.0,0.0,0,0,0,0.2558139534883721,0.6167846309403437
hotpotqa,sentence-transformers/all-MiniLM-L6-v2,0.6,2,0.0,0.0,0.0,0,0,0,0.09605662285136501,0.2871587462082912
hotpotqa,sentence-transformers/all-MiniLM-L6-v2,0.6,3,0.0,0.0,0.0,0,0,0,0.044489383215369056,0.14964610717896865
hotpotqa,sentence-transformers/all-MiniLM-L6-v2,0.6,4,0.0,0.00910010111223458,0.0,0,0,0,0.017189079878665317,0.07583417593528817
hotpotqa,sentence-transformers/all-MiniLM-L6-v2,0.6,5,0.0,0.05055611729019211,0.0,0,0,0,0.01314459049544995,0.0455005055611729
hotpotqa,sentence-transformers/all-MiniLM-L6-v2,0.8,1,0.0,0.0,0.0,0,0,0,0.3316481294236603,0.7229524772497472
hotpotqa,sentence-transformers/all-MiniLM-L6-v2,0.8,2,0.0,0.0,0.0,0,0,0,0.09706774519716886,0.3276036400404449
hotpotqa,sentence-transformers/all-MiniLM-L6-v2,0.8,3,0.0,0.0,0.0,0,0,0,0.03538928210313448,0.11526794742163801
hotpotqa,sentence-transformers/all-MiniLM-L6-v2,0.8,4,0.0010111223458038423,0.08088978766430738,0.0010111223458038423,0,0,0,0.007077856420626896,0.041456016177957536
hotpotqa,sentence-transformers/all-MiniLM-L6-v2,0.8,5,0.0839231547017189,0.5601617795753286,0.2123356926188069,0,0,0,0.005055611729019211,0.015166835187057633
hotpotqa,intfloat/e5-small-v2,0.1,1,0.0,0.0,0.0,0,0,0,0.11931243680485339,0.3609706774519717
hotpotqa,intfloat/e5-small-v2,0.1,2,0.0,0.0,0.0,0,0,0,0.09201213346814964,0.3134479271991911
hotpotqa,intfloat/e5-small-v2,0.1,3,0.0,0.0,0.0,0,0,0,0.11122345803842265,0.3367037411526795
hotpotqa,intfloat/e5-small-v2,0.1,4,0.0,0.0,0.0,0,0,0,0.08695652173913043,0.2800808897876643
hotpotqa,intfloat/e5-small-v2,0.1,5,0.0,0.0,0.0,0,0,0,0.08088978766430738,0.26188068756319516
hotpotqa,intfloat/e5-small-v2,0.2,1,0.0,0.0,0.0,0,0,0,0.21638018200202225,0.5813953488372093
hotpotqa,intfloat/e5-small-v2,0.2,2,0.0,0.0,0.0,0,0,0,0.2082912032355915,0.5328614762386249
hotpotqa,intfloat/e5-small-v2,0.2,3,0.0,0.0,0.0,0,0,0,0.1597573306370071,0.47219413549039435
hotpotqa,intfloat/e5-small-v2,0.2,4,0.0,0.0,0.0,0,0,0,0.1122345803842265,0.358948432760364
hotpotqa,intfloat/e5-small-v2,0.2,5,0.0,0.0,0.0,0,0,0,0.10010111223458039,0.30434782608695654
hotpotqa,intfloat/e5-small-v2,0.4,1,0.0,0.0,0.0,0,0,0,0.43073811931243683,0.8311425682507584
hotpotqa,intfloat/e5-small-v2,0.4,2,0.0,0.0,0.0,0,0,0,0.2750252780586451,0.6643073811931244
hotpotqa,intfloat/e5-small-v2,0.4,3,0.0,0.0,0.0,0,0,0,0.1678463094034378,0.44792719919110213
hotpotqa,intfloat/e5-small-v2,0.4,4,0.0,0.0,0.0,0,0,0,0.0910010111223458,0.3235591506572295
hotpotqa,intfloat/e5-small-v2,0.4,5,0.0,0.0,0.0,0,0,0,0.08695652173913043,0.22851365015166836
hotpotqa,intfloat/e5-small-v2,0.6,1,0.0,0.0,0.0,0,0,0,0.60262891809909,0.9271991911021233
hotpotqa,intfloat/e5-small-v2,0.6,2,0.0,0.0,0.0,0,0,0,0.2659251769464105,0.6380182002022244
hotpotqa,intfloat/e5-small-v2,0.6,3,0.0,0.0,0.0,0,0,0,0.14256825075834176,0.4186046511627907
hotpotqa,intfloat/e5-small-v2,0.6,4,0.0,0.0,0.0,0,0,0,0.08291203235591507,0.25075834175935285
hotpotqa,intfloat/e5-small-v2,0.6,5,0.0,0.0,0.0,0,0,0,0.03640040444893832,0.13043478260869565
hotpotqa,intfloat/e5-small-v2,0.8,1,0.0,0.0,0.0,0,0,0,0.7330637007077856,0.9696663296258847
hotpotqa,intfloat/e5-small-v2,0.8,2,0.0,0.0,0.0,0,0,0,0.29120323559150657,0.6966632962588474
hotpotqa,intfloat/e5-small-v2,0.8,3,0.0,0.0,0.0,0,0,0,0.11425682507583418,0.35995955510616784
hotpotqa,intfloat/e5-small-v2,0.8,4,0.0,0.0,0.0,0,0,0,0.032355915065722954,0.10920121334681497
hotpotqa,intfloat/e5-small-v2,0.8,5,0.0,0.14256825075834176,0.019211324570273004,0,0,0,0.006066734074823054,0.020222446916076844
hotpotqa,BAAI/bge-small-en-v1.5,0.1,1,0.0,0.0,0.0,0,0,0,0.04954499494438827,0.19312436804853386
hotpotqa,BAAI/bge-small-en-v1.5,0.1,2,0.0,0.0,0.0,0,0,0,0.06471183013144591,0.19413549039433772
hotpotqa,BAAI/bge-small-en-v1.5,0.1,3,0.0,0.0,0.0,0,0,0,0.0525783619817998,0.1718907987866532
hotpotqa,BAAI/bge-small-en-v1.5,0.1,4,0.0,0.0,0.0,0,0,0,0.03842264914054601,0.15267947421638017
hotpotqa,BAAI/bge-small-en-v1.5,0.1,5,0.0,0.0,0.0,0,0,0,0.033367037411526794,0.12234580384226491
hotpotqa,BAAI/bge-small-en-v1.5,0.2,1,0.0,0.0,0.0,0,0,0,0.12335692618806876,0.36299292214357937
hotpotqa,BAAI/bge-small-en-v1.5,0.2,2,0.0,0.0,0.0,0,0,0,0.0839231547017189,0.3033367037411527
hotpotqa,BAAI/bge-small-en-v1.5,0.2,3,0.0,0.0,0.0,0,0,0,0.08695652173913043,0.243680485338726
hotpotqa,BAAI/bge-small-en-v1.5,0.2,4,0.0,0.0,0.0,0,0,0,0.05055611729019211,0.18301314459049545
hotpotqa,BAAI/bge-small-en-v1.5,0.2,5,0.0,0.0,0.0,0,0,0,0.05864509605662285,0.17087967644084934
hotpotqa,BAAI/bge-small-en-v1.5,0.4,1,0.0,0.0,0.0,0,0,0,0.22851365015166836,0.596562184024267
hotpotqa,BAAI/bge-small-en-v1.5,0.4,2,0.0,0.0,0.0,0,0,0,0.12841253791708795,0.38928210313447925
hotpotqa,BAAI/bge-small-en-v1.5,0.4,3,0.0,0.0,0.0,0,0,0,0.10212335692618807,0.29322548028311424
hotpotqa,BAAI/bge-small-en-v1.5,0.4,4,0.0,0.0,0.0,0,0,0,0.05965621840242669,0.17795753286147623
hotpotqa,BAAI/bge-small-en-v1.5,0.4,5,0.0,0.0,0.0,0,0,0,0.046511627906976744,0.14459049544994945
hotpotqa,BAAI/bge-small-en-v1.5,0.6,1,0.0,0.0,0.0,0,0,0,0.34580384226491406,0.7542972699696663
hotpotqa,BAAI/bge-small-en-v1.5,0.6,2,0.0,0.0,0.0,0,0,0,0.1506572295247725,0.41759352881698686
hotpotqa,BAAI/bge-small-en-v1.5,0.6,3,0.0,0.0,0.0,0,0,0,0.08998988877654196,0.24570273003033366
hotpotqa,BAAI/bge-small-en-v1.5,0.6,4,0.0,0.0,0.0,0,0,0,0.04044489383215369,0.11122345803842265
hotpotqa,BAAI/bge-small-en-v1.5,0.6,5,0.0,0.008088978766430738,0.0,0,0,0,0.01820020222446916,0.07280080889787664
hotpotqa,BAAI/bge-small-en-v1.5,0.8,1,0.0,0.0,0.0,0,0,0,0.44287158746208294,0.8442871587462083
hotpotqa,BAAI/bge-small-en-v1.5,0.8,2,0.0,0.0,0.0,0,0,0,0.17492416582406473,0.4671385237613751
hotpotqa,BAAI/bge-small-en-v1.5,0.8,3,0.0,0.0,0.0,0,0,0,0.054600606673407485,0.1557128412537917
hotpotqa,BAAI/bge-small-en-v1.5,0.8,4,0.0,0.020222446916076844,0.0,0,0,0,0.030333670374115267,0.06066734074823053
hotpotqa,BAAI/bge-small-en-v1.5,0.8,5,0.0262891809908999,0.36299292214357937,0.08998988877654196,0,0,0,0.006066734074823054,0.019211324570273004
musique,sentence-transformers/all-MiniLM-L6-v2,0.1,1,0.0,0.0,0.0,0,0,0,0.03842264914054601,0.12234580384226491
musique,sentence-transformers/all-MiniLM-L6-v2,0.1,2,0.0,0.0,0.0,0,0,0,0.041456016177957536,0.12537917087967643
musique,sentence-transformers/all-MiniLM-L6-v2,0.1,3,0.0,0.0,0.0,0,0,0,0.03538928210313448,0.10920121334681497
musique,sentence-transformers/all-MiniLM-L6-v2,0.1,4,0.0,0.0,0.0,0,0,0,0.033367037411526794,0.10212335692618807
musique,sentence-transformers/all-MiniLM-L6-v2,0.1,5,0.0,0.003033367037411527,0.0,0,0,0,0.029322548028311426,0.09403437815975733
musique,sentence-transformers/all-MiniLM-L6-v2,0.2,1,0.0,0.0,0.0,0,0,0,0.0839231547017189,0.2558139534883721
musique,sentence-transformers/all-MiniLM-L6-v2,0.2,2,0.0,0.0,0.0,0,0,0,0.07280080889787664,0.20728008088978767
musique,sentence-transformers/all-MiniLM-L6-v2,0.2,3,0.0,0.0,0.0,0,0,0,0.04853387259858443,0.16481294236602628
musique,sentence-transformers/all-MiniLM-L6-v2,0.2,4,0.0,0.0,0.0,0,0,0,0.034378159757330634,0.134479271991911
musique,sentence-transformers/all-MiniLM-L6-v2,0.2,5,0.0,0.0020222446916076846,0.0,0,0,0,0.03943377148634985,0.11627906976744186
musique,sentence-transformers/all-MiniLM-L6-v2,0.4,1,0.0,0.0,0.0,0,0,0,0.1698685540950455,0.46511627906976744
musique,sentence-transformers/all-MiniLM-L6-v2,0.4,2,0.0,0.0,0.0,0,0,0,0.0859453993933266,0.29221435793731043
musique,sentence-transformers/all-MiniLM-L6-v2,0.4,3,0.0,0.0,0.0,0,0,0,0.07482305358948432,0.20728008088978767
musique,sentence-transformers/all-MiniLM-L6-v2,0.4,4,0.0,0.0,0.0,0,0,0,0.034378159757330634,0.1365015166835187
musique,sentence-transformers/all-MiniLM-L6-v2,0.4,5,0.0,0.005055611729019211,0.0,0,0,0,0.025278058645096056,0.0859453993933266
musique,sentence-transformers/all-MiniLM-L6-v2,0.6,1,0.0,0.0,0.0,0,0,0,0.24570273003033366,0.6167846309403437
musique,sentence-transformers/all-MiniLM-L6-v2,0.6,2,0.0,0.0,0.0,0,0,0,0.10212335692618807,0.32457027300303337
musique,sentence-transformers/all-MiniLM-L6-v2,0.6,3,0.0,0.0,0.0,0,0,0,0.044489383215369056,0.14964610717896865
musique,sentence-transformers/all-MiniLM-L6-v2,0.6,4,0.0020222446916076846,0.006066734074823054,0.0,0,0,0,0.020222446916076844,0.06066734074823053
musique,sentence-transformers/all-MiniLM-L6-v2,0.6,5,0.0020222446916076846,0.05358948432760364,0.0,0,0,0,0.011122345803842264,0.03842264914054601
musique,sentence-transformers/all-MiniLM-L6-v2,0.8,1,0.0,0.0,0.0,0,0,0,0.3316481294236603,0.7300303336703741
musique,sentence-transformers/all-MiniLM-L6-v2,0.8,2,0.0,0.0,0.0,0,0,0,0.11324570273003033,0.3306370070778564
musique,sentence-transformers/all-MiniLM-L6-v2,0.8,3,0.0,0.0,0.0,0,0,0,0.03538928210313448,0.10717896865520728
musique,sentence-transformers/all-MiniLM-L6-v2,0.8,4,0.004044489383215369,0.07785642062689585,0.0010111223458038423,0,0,0,0.01314459049544995,0.043478260869565216
musique,sentence-transformers/all-MiniLM-L6-v2,0.8,5,0.0788675429726997,0.5581395348837209,0.2032355915065723,0,0,0,0.0010111223458038423,0.005055611729019211
musique,intfloat/e5-small-v2,0.1,1,0.0,0.0,0.0,0,0,0,0.0980788675429727,0.30434782608695654
musique,intfloat/e5-small-v2,0.1,2,0.0,0.0,0.0,0,0,0,0.10212335692618807,0.34277047522750254
musique,intfloat/e5-small-v2,0.1,3,0.0,0.0,0.0,0,0,0,0.09302325581395349,0.2851365015166835
musique,intfloat/e5-small-v2,0.1,4,0.0,0.0,0.0,0,0,0,0.09504550050556117,0.30434782608695654
musique,intfloat/e5-small-v2,0.1,5,0.0,0.0,0.0,0,0,0,0.07684529828109202,0.2517694641051567
musique,intfloat/e5-small-v2,0.2,1,0.0,0.0,0.0,0,0,0,0.19817997977755308,0.5500505561172901
musique,intfloat/e5-small-v2,0.2,2,0.0,0.0,0.0,0,0,0,0.20525783619817997,0.5187057633973711
musique,intfloat/e5-small-v2,0.2,3,0.0,0.0,0.0,0,0,0,0.14661274014155712,0.4539939332659252
musique,intfloat/e5-small-v2,0.2,4,0.0,0.0,0.0,0,0,0,0.10920121334681497,0.3488372093023256
musique,intfloat/e5-small-v2,0.2,5,0.0,0.0,0.0,0,0,0,0.08796764408493428,0.29625884732052576
musique,intfloat/e5-small-v2,0.4,1,0.0,0.0,0.0,0,0,0,0.4206268958543984,0.8220424671385238
musique,intfloat/e5-small-v2,0.4,2,0.0,0.0,0.0,0,0,0,0.24974721941354905,0.6440849342770475
musique,intfloat/e5-small-v2,0.4,3,0.0,0.0,0.0,0,0,0,0.15166835187057634,0.448938321536906
musique,intfloat/e5-small-v2,0.4,4,0.0,0.0,0.0,0,0,0,0.07987866531850354,0.30535894843276035
musique,intfloat/e5-small-v2,0.4,5,0.0,0.0,0.0,0,0,0,0.05864509605662285,0.20930232558139536
musique,intfloat/e5-small-v2,0.6,1,0.0,0.0,0.0,0,0,0,0.5935288169868554,0.9251769464105156
musique,intfloat/e5-small-v2,0.6,2,0.0,0.0,0.0,0,0,0,0.23053589484327602,0.6188068756319515
musique,intfloat/e5-small-v2,0.6,3,0.0,0.0,0.0,0,0,0,0.11830131445904954,0.39838220424671383
musique,intfloat/e5-small-v2,0.6,4,0.0,0.0,0.0,0,0,0,0.0455005055611729,0.1789686552072801
musique,intfloat/e5-small-v2,0.6,5,0.0,0.0,0.0,0,0,0,0.025278058645096056,0.11830131445904954
musique,intfloat/e5-small-v2,0.8,1,0.0,0.0,0.0,0,0,0,0.7209302325581395,0.9716885743174924
musique,intfloat/e5-small-v2,0.8,2,0.0,0.0,0.0,0,0,0,0.2659251769464105,0.6693629929221436
musique,intfloat/e5-small-v2,0.8,3,0.0,0.0,0.0,0,0,0,0.08796764408493428,0.3063700707785642
musique,intfloat/e5-small-v2,0.8,4,0.0,0.0,0.0,0,0,0,0.023255813953488372,0.09201213346814964
musique,intfloat/e5-small-v2,0.8,5,0.0,0.14964610717896865,0.01820020222446916,0,0,0,0.005055611729019211,0.028311425682507583
musique,BAAI/bge-small-en-v1.5,0.1,1,0.0,0.0,0.0,0,0,0,0.06066734074823053,0.19312436804853386
musique,BAAI/bge-small-en-v1.5,0.1,2,0.0,0.0,0.0,0,0,0,0.044489383215369056,0.17492416582406473
musique,BAAI/bge-small-en-v1.5,0.1,3,0.0,0.0,0.0,0,0,0,0.056622851365015166,0.1678463094034378
musique,BAAI/bge-small-en-v1.5,0.1,4,0.0,0.0,0.0,0,0,0,0.03741152679474216,0.13346814964610718
musique,BAAI/bge-small-en-v1.5,0.1,5,0.0,0.0,0.0,0,0,0,0.05156723963599596,0.1557128412537917
musique,BAAI/bge-small-en-v1.5,0.2,1,0.0,0.0,0.0,0,0,0,0.11526794742163801,0.37209302325581395
musique,BAAI/bge-small-en-v1.5,0.2,2,0.0,0.0,0.0,0,0,0,0.0980788675429727,0.29120323559150657
musique,BAAI/bge-small-en-v1.5,0.2,3,0.0,0.0,0.0,0,0,0,0.08088978766430738,0.25480283114256824
musique,BAAI/bge-small-en-v1.5,0.2,4,0.0,0.0,0.0,0,0,0,0.06572295247724974,0.20222446916076844
musique,BAAI/bge-small-en-v1.5,0.2,5,0.0,0.0,0.0,0,0,0,0.06268958543983821,0.1911021233569262
musique,BAAI/bge-small-en-v1.5,0.4,1,0.0,0.0,0.0,0,0,0,0.2416582406471183,0.5904954499494439
musique,BAAI/bge-small-en-v1.5,0.4,2,0.0,0.0,0.0,0,0,0,0.14560161779575329,0.42264914054600605
musique,BAAI/bge-small-en-v1.5,0.4,3,0.0,0.0,0.0,0,0,0,0.08291203235591507,0.2537917087967644
musique,BAAI/bge-small-en-v1.5,0.4,4,0.0,0.0,0.0,0,0,0,0.05358948432760364,0.19716885743174925
musique,BAAI/bge-small-en-v1.5,0.4,5,0.0,0.0,0.0,0,0,0,0.046511627906976744,0.13549039433771487
musique,BAAI/bge-small-en-v1.5,0.6,1,0.0,0.0,0.0,0,0,0,0.35085945399393326,0.7340748230535895
musique,BAAI/bge-small-en-v1.5,0.6,2,0.0,0.0,0.0,0,0,0,0.13346814964610718,0.40950455005055614
musique,BAAI/bge-small-en-v1.5,0.6,3,0.0,0.0,0.0,0,0,0,0.06976744186046512,0.23255813953488372
musique,BAAI/bge-small-en-v1.5,0.6,4,0.0,0.0010111223458038423,0.0,0,0,0,0.030333670374115267,0.12841253791708795
musique,BAAI/bge-small-en-v1.5,0.6,5,0.0,0.007077856420626896,0.0,0,0,0,0.025278058645096056,0.0859453993933266
musique,BAAI/bge-small-en-v1.5,0.8,1,0.0,0.0,0.0,0,0,0,0.4539939332659252,0.8382204246713852
musique,BAAI/bge-small-en-v1.5,0.8,2,0.0,0.0,0.0,0,0,0,0.15369059656218403,0.4671385237613751
musique,BAAI/bge-small-en-v1.5,0.8,3,0.0,0.0,0.0,0,0,0,0.04853387259858443,0.17492416582406473
musique,BAAI/bge-small-en-v1.5,0.8,4,0.0,0.011122345803842264,0.0,0,0,0,0.014155712841253791,0.04853387259858443
musique,BAAI/bge-small-en-v1.5,0.8,5,0.010111223458038422,0.36299292214357937,0.0859453993933266,0,0,0,0.0010111223458038423,0.023255813953488372
2wikimultihopqa,sentence-transformers/all-MiniLM-L6-v2,0.1,1,0.0,0.0,0.0,0,0,0,0.03943377148634985,0.14964610717896865
2wikimultihopqa,sentence-transformers/all-MiniLM-L6-v2,0.1,2,0.0,0.0,0.0,0,0,0,0.03842264914054601,0.13346814964610718
2wikimultihopqa,sentence-transformers/all-MiniLM-L6-v2,0.1,3,0.0,0.0,0.0,0,0,0,0.03741152679474216,0.12234580384226491
2wikimultihopqa,sentence-transformers/all-MiniLM-L6-v2,0.1,4,0.0,0.0010111223458038423,0.0,0,0,0,0.033367037411526794,0.1051567239635996
2wikimultihopqa,sentence-transformers/all-MiniLM-L6-v2,0.1,5,0.0,0.0020222446916076846,0.0,0,0,0,0.027300303336703743,0.08493427704752275
2wikimultihopqa,sentence-transformers/all-MiniLM-L6-v2,0.2,1,0.0,0.0,0.0,0,0,0,0.0859453993933266,0.2730030333670374
2wikimultihopqa,sentence-transformers/all-MiniLM-L6-v2,0.2,2,0.0,0.0,0.0,0,0,0,0.06572295247724974,0.22345803842264914
2wikimultihopqa,sentence-transformers/all-MiniLM-L6-v2,0.2,3,0.0,0.0,0.0,0,0,0,0.046511627906976744,0.16481294236602628
2wikimultihopqa,sentence-transformers/all-MiniLM-L6-v2,0.2,4,0.0,0.0,0.0,0,0,0,0.03842264914054601,0.1385237613751264
2wikimultihopqa,sentence-transformers/all-MiniLM-L6-v2,0.2,5,0.0,0.0010111223458038423,0.0,0,0,0,0.032355915065722954,0.11526794742163801
2wikimultihopqa,sentence-transformers/all-MiniLM-L6-v2,0.4,1,0.0,0.0,0.0,0,0,0,0.17087967644084934,0.46107178968655205
2wikimultihopqa,sentence-transformers/all-MiniLM-L6-v2,0.4,2,0.0,0.0,0.0,0,0,0,0.08190091001011122,0.2982810920121335
2wikimultihopqa,sentence-transformers/all-MiniLM-L6-v2,0.4,3,0.0,0.0,0.0,0,0,0,0.04954499494438827,0.17593528816986856
2wikimultihopqa,sentence-transformers/all-MiniLM-L6-v2,0.4,4,0.0,0.0010111223458038423,0.0,0,0,0,0.03842264914054601,0.1365015166835187
2wikimultihopqa,sentence-transformers/all-MiniLM-L6-v2,0.4,5,0.0020222446916076846,0.00910010111223458,0.0,0,0,0,0.024266936299292215,0.09504550050556117
2wikimultihopqa,sentence-transformers/all-MiniLM-L6-v2,0.6,1,0.0,0.0,0.0,0,0,0,0.2345803842264914,0.596562184024267
2wikimultihopqa,sentence-transformers/all-MiniLM-L6-v2,0.6,2,0.0,0.0,0.0,0,0,0,0.08998988877654196,0.29524772497472196
2wikimultihopqa,sentence-transformers/all-MiniLM-L6-v2,0.6,3,0.0,0.0,0.0,0,0,0,0.03842264914054601,0.16481294236602628
2wikimultihopqa,sentence-transformers/all-MiniLM-L6-v2,0.6,4,0.0,0.01314459049544995,0.0,0,0,0,0.020222446916076844,0.06167846309403438
2wikimultihopqa,sentence-transformers/all-MiniLM-L6-v2,0.6,5,0.0010111223458038423,0.05358948432760364,0.0,0,0,0,0.008088978766430738,0.054600606673407485
2wikimultihopqa,sentence-transformers/all-MiniLM-L6-v2,0.8,1,0.0,0.0,0.0,0,0,0,0.32153690596562184,0.7259858442871587
2wikimultihopqa,sentence-transformers/all-MiniLM-L6-v2,0.8,2,0.0,0.0,0.0,0,0,0,0.09605662285136501,0.3306370070778564
2wikimultihopqa,sentence-transformers/all-MiniLM-L6-v2,0.8,3,0.0,0.0,0.0,0,0,0,0.027300303336703743,0.12032355915065723
2wikimultihopqa,sentence-transformers/all-MiniLM-L6-v2,0.8,4,0.004044489383215369,0.10111223458038422,0.0010111223458038423,0,0,0,0.00910010111223458,0.044489383215369056
2wikimultihopqa,sentence-transformers/all-MiniLM-L6-v2,0.8,5,0.09403437815975733,0.6006066734074823,0.1890798786653185,0,0,0,0.003033367037411527,0.017189079878665317
2wikimultihopqa,intfloat/e5-small-v2,0.1,1,0.0,0.0,0.0,0,0,0,0.1102123356926188,0.35995955510616784
2wikimultihopqa,intfloat/e5-small-v2,0.1,2,0.0,0.0,0.0,0,0,0,0.09302325581395349,0.3114256825075834
2wikimultihopqa,intfloat/e5-small-v2,0.1,3,0.0,0.0,0.0,0,0,0,0.0980788675429727,0.29524772497472196
2wikimultihopqa,intfloat/e5-small-v2,0.1,4,0.0,0.0,0.0,0,0,0,0.0717896865520728,0.2891809908998989
2wikimultihopqa,intfloat/e5-small-v2,0.1,5,0.0,0.0,0.0,0,0,0,0.06572295247724974,0.2537917087967644
2wikimultihopqa,intfloat/e5-small-v2,0.2,1,0.0,0.0,0.0,0,0,0,0.20525783619817997,0.5540950455005056
2wikimultihopqa,intfloat/e5-small-v2,0.2,2,0.0,0.0,0.0,0,0,0,0.17391304347826086,0.5247724974721941
2wikimultihopqa,intfloat/e5-small-v2,0.2,3,0.0,0.0,0.0,0,0,0,0.134479271991911,0.4287158746208291
2wikimultihopqa,intfloat/e5-small-v2,0.2,4,0.0,0.0,0.0,0,0,0,0.1172901921132457,0.41253791708796766
2wikimultihopqa,intfloat/e5-small-v2,0.2,5,0.0,0.0,0.0,0,0,0,0.1365015166835187,0.3316481294236603
2wikimultihopqa,intfloat/e5-small-v2,0.4,1,0.0,0.0,0.0,0,0,0,0.3943377148634985,0.8190091001011123
2wikimultihopqa,intfloat/e5-small-v2,0.4,2,0.0,0.0,0.0,0,0,0,0.2982810920121335,0.7007077856420627
2wikimultihopqa,intfloat/e5-small-v2,0.4,3,0.0,0.0,0.0,0,0,0,0.16885743174924167,0.4671385237613751
2wikimultihopqa,intfloat/e5-small-v2,0.4,4,0.0,0.0,0.0,0,0,0,0.10212335692618807,0.32861476238624876
2wikimultihopqa,intfloat/e5-small-v2,0.4,5,0.0,0.0,0.0,0,0,0,0.0717896865520728,0.24671385237613752
2wikimultihopqa,intfloat/e5-small-v2,0.6,1,0.0,0.0,0.0,0,0,0,0.5793731041456016,0.9403437815975733
2wikimultihopqa,intfloat/e5-small-v2,0.6,2,0.0,0.0,0.0,0,0,0,0.2780586450960566,0.6663296258847321
2wikimultihopqa,intfloat/e5-small-v2,0.6,3,0.0,0.0,0.0,0,0,0,0.14155712841253792,0.41253791708796766
2wikimultihopqa,intfloat/e5-small-v2,0.6,4,0.0,0.0,0.0,0,0,0,0.06370070778564206,0.224469160768453
2wikimultihopqa,intfloat/e5-small-v2,0.6,5,0.0,0.0,0.0,0,0,0,0.04954499494438827,0.14256825075834176
2wikimultihopqa,intfloat/e5-small-v2,0.8,1,0.0,0.0,0.0,0,0,0,0.7280080889787665,0.974721941354904
2wikimultihopqa,intfloat/e5-small-v2,0.8,2,0.0,0.0,0.0,0,0,0,0.2972699696663296,0.6905965621840243
2wikimultihopqa,intfloat/e5-small-v2,0.8,3,0.0,0.0,0.0,0,0,0,0.12537917087967643,0.38119312436804853
2wikimultihopqa,intfloat/e5-small-v2,0.8,4,0.0,0.0,0.0,0,0,0,0.03640040444893832,0.09706774519716886
2wikimultihopqa,intfloat/e5-small-v2,0.8,5,0.0,0.12032355915065723,0.015166835187057633,0,0,0,0.011122345803842264,0.028311425682507583
2wikimultihopqa,BAAI/bge-small-en-v1.5,0.1,1,0.0,0.0,0.0,0,0,0,0.055611729019211326,0.19211324570273003
2wikimultihopqa,BAAI/bge-small-en-v1.5,0.1,2,0.0,0.0,0.0,0,0,0,0.054600606673407485,0.1698685540950455
2wikimultihopqa,BAAI/bge-small-en-v1.5,0.1,3,0.0,0.0,0.0,0,0,0,0.055611729019211326,0.16177957532861476
2wikimultihopqa,BAAI/bge-small-en-v1.5,0.1,4,0.0,0.0,0.0,0,0,0,0.05055611729019211,0.134479271991911
2wikimultihopqa,BAAI/bge-small-en-v1.5,0.1,5,0.0,0.0,0.0,0,0,0,0.043478260869565216,0.12841253791708795
2wikimultihopqa,BAAI/bge-small-en-v1.5,0.2,1,0.0,0.0,0.0,0,0,0,0.11830131445904954,0.34277047522750254
2wikimultihopqa,BAAI/bge-small-en-v1.5,0.2,2,0.0,0.0,0.0,0,0,0,0.1051567239635996,0.2891809908998989
2wikimultihopqa,BAAI/bge-small-en-v1.5,0.2,3,0.0,0.0,0.0,0,0,0,0.08291203235591507,0.2396359959555106
2wikimultihopqa,BAAI/bge-small-en-v1.5,0.2,4,0.0,0.0,0.0,0,0,0,0.0717896865520728,0.2123356926188069
2wikimultihopqa,BAAI/bge-small-en-v1.5,0.2,5,0.0,0.0,0.0,0,0,0,0.05358948432760364,0.16380182002022245
2wikimultihopqa,BAAI/bge-small-en-v1.5,0.4,1,0.0,0.0,0.0,0,0,0,0.24772497472194135,0.5773508594539939
2wikimultihopqa,BAAI/bge-small-en-v1.5,0.4,2,0.0,0.0,0.0,0,0,0,0.16885743174924167,0.40141557128412536
2wikimultihopqa,BAAI/bge-small-en-v1.5,0.4,3,0.0,0.0,0.0,0,0,0,0.10010111223458039,0.27401415571284127
2wikimultihopqa,BAAI/bge-small-en-v1.5,0.4,4,0.0,0.0,0.0,0,0,0,0.06471183013144591,0.17492416582406473
2wikimultihopqa,BAAI/bge-small-en-v1.5,0.4,5,0.0,0.0020222446916076846,0.0,0,0,0,0.03741152679474216,0.1435793731041456
2wikimultihopqa,BAAI/bge-small-en-v1.5,0.6,1,0.0,0.0,0.0,0,0,0,0.37917087967644086,0.7391304347826086
2wikimultihopqa,BAAI/bge-small-en-v1.5,0.6,2,0.0,0.0,0.0,0,0,0,0.17290192113245703,0.42163801820020225
2wikimultihopqa,BAAI/bge-small-en-v1.5,0.6,3,0.0,0.0,0.0,0,0,0,0.09302325581395349,0.26188068756319516
2wikimultihopqa,BAAI/bge-small-en-v1.5,0.6,4,0.0,0.0020222446916076846,0.0,0,0,0,0.04954499494438827,0.13245702730030334
2wikimultihopqa,BAAI/bge-small-en-v1.5,0.6,5,0.0,0.00910010111223458,0.0,0,0,0,0.03134479271991911,0.07785642062689585
2wikimultihopqa,BAAI/bge-small-en-v1.5,0.8,1,0.0,0.0,0.0,0,0,0,0.5045500505561172,0.8483316481294236
2wikimultihopqa,BAAI/bge-small-en-v1.5,0.8,2,0.0,0.0,0.0,0,0,0,0.19009100101112233,0.4661274014155713
2wikimultihopqa,BAAI/bge-small-en-v1.5,0.8,3,0.0,0.0,0.0,0,0,0,0.06370070778564206,0.1820020222446916
2wikimultihopqa,BAAI/bge-small-en-v1.5,0.8,4,0.0020222446916076846,0.01820020222446916,0.0,0,0,0,0.017189079878665317,0.06673407482305359
2wikimultihopqa,BAAI/bge-small-en-v1.5,0.8,5,0.027300303336703743,0.35490394337714865,0.09706774519716886,0,0,0,0.006066734074823054,0.024266936299292215
