dataset,retriever,diffusion_alpha,hop,lambda2,ndcg_at_5,f1_at_5,recall_at_5,param_change_norm,param_disagreement,topk_margin,score_bound,pairwise_gap,rank_gap,empirical_score_delta,empirical_to_bound_ratio,bound_holds_rate,global_certificate_rate,pairwise_certificate_rate,ordered_certificate_rate,topk_changed_rate,ordering_changed_rate,global_certificate_violations,pairwise_certificate_violations,ordered_certificate_violations
hotpotqa,sentence-transformers/all-MiniLM-L6-v2,0.1,1,0.4780083768632894,0.7373625510797771,0.46164957388415423,0.80788675429727,0.8851142538315845,53.08282101262521,0.5181907245736753,4.545737705502333,-6.867317288969942,-7.498849427805612,0.27214343723802403,0.06008802287666776,1.0,0.0,0.0,0.0,0.05055611729019211,0.14964610717896865,0,0,0
hotpotqa,sentence-transformers/all-MiniLM-L6-v2,0.1,2,0.44546263666894226,0.7388536809524734,0.46309403437815977,0.8104145601617796,0.7714294596840213,42.06466862242185,0.5056317706410637,3.8124775303142706,-5.659341488137599,-6.23060395173186,0.212664583213891,0.05602359942725547,1.0,0.0,0.0,0.0,0.03943377148634985,0.13245702730030334,0,0,0
hotpotqa,sentence-transformers/all-MiniLM-L6-v2,0.1,3,0.44493544298812554,0.7390612275122707,0.46396071067456296,0.8119312436804853,0.6726572245506683,33.554816521190716,0.4979599414598592,3.2136292948402576,-4.674977162049147,-5.1997894430992915,0.1671597356065219,0.0522705914717354,1.0,0.0,0.0,0.0,0.034378159757330634,0.1243680485338726,0,0,0
hotpotqa,sentence-transformers/all-MiniLM-L6-v2,0.1,4,0.44457433193656365,0.7388805145128832,0.46367181857576195,0.8114256825075834,0.5882866050309427,26.95619210606636,0.4920468699672948,2.7322931774011003,-3.884625951784872,-4.365883599204344,0.13253506749898528,0.048768967449531346,1.0,0.0,0.0,0.0,0.033367037411526794,0.10111223458038422,0,0,0
hotpotqa,sentence-transformers/all-MiniLM-L6-v2,0.1,5,0.44433862601592694,0.7407121251492741,0.4645384948721652,0.8129423660262892,0.5160910099263232,21.804346958136772,0.4875490368015243,2.342201230311998,-3.2450391241314405,-3.690155697833807,0.10601525746956392,0.04553350902842585,1.0,0.0,0.0,0.0,0.0262891809908999,0.0910010111223458,0,0,0
hotpotqa,sentence-transformers/all-MiniLM-L6-v2,0.2,1,0.47800837686328906,0.7388488965876923,0.4630940343781597,0.8104145601617796,1.770228507663169,53.08282101262521,0.5181907245736753,9.341624697390555,-15.019627310894064,-15.928291433832415,0.5108802776606669,0.054913919608974064,1.0,0.0,0.0,0.0,0.0980788675429727,0.282103134479272,0,0,0
hotpotqa,sentence-transformers/all-MiniLM-L6-v2,0.2,2,0.4454550520540214,0.7404954423976966,0.4648273869709663,0.8134479271991911,1.3192744345041354,32.54464846646679,0.4970159645901411,6.431627329401725,-10.05012575686167,-10.77873853890851,0.30566373864458113,0.04778187216241506,1.0,0.0,0.0,0.0,0.06774519716885744,0.21435793731041455,0,0,0
hotpotqa,sentence-transformers/all-MiniLM-L6-v2,0.2,3,0.44456264849714805,0.7401108628241813,0.463960710674563,0.8119312436804853,0.9928851598238264,20.63174627892099,0.4867863440688387,4.579961955762588,-6.915507306804272,-7.514815752681433,0.18971471326506656,0.04168844275294429,1.0,0.0,0.0,0.0,0.056622851365015166,0.1678463094034378,0,0,0
hotpotqa,sentence-transformers/all-MiniLM-L6-v2,0.2,4,0.44421676281908734,0.7402508221251608,0.463960710674563,0.8119312436804853,0.7598042220040806,13.52176010387736,0.48165940911451655,3.392500889730844,-4.916172702678989,-5.418094493594164,0.12326013830210732,0.03659933669075046,1.0,0.0,0.0,0.0,0.03134479271991911,0.12942366026289182,0,0,0
hotpotqa,sentence-transformers/all-MiniLM-L6-v2,0.2,5,0.4441562879625521,0.7404112775085553,0.4648273869709663,0.8134479271991911,0.5911783364848587,9.123333632235985,0.47820764741623967,2.6014436199169277,-3.5915060139061183,-4.027820571151323,0.08337818789018056,0.032324337453337605,1.0,0.0,0.0,0.0,0.023255813953488372,0.11122345803842265,0,0,0
hotpotqa,sentence-transformers/all-MiniLM-L6-v2,0.4,1,0.47800837686328973,0.741781249828013,0.4648273869709663,0.8134479271991911,3.5404570153263393,53.08282101262521,0.5181907245736753,19.68385363179213,-33.28182800455588,-34.4281722006001,0.8902565463850062,0.04546226750060768,1.0,0.0,0.0,0.0,0.1769464105156724,0.47017189079878663,0,0,0
hotpotqa,sentence-transformers/all-MiniLM-L6-v2,0.4,2,0.3758086459164497,0.7413375473461307,0.4645384948721652,0.8129423660262892,1.783431052926963,17.999004857301554,0.48576280482196227,8.54734339829858,-13.599617605182111,-14.240807408790541,0.29799527408229326,0.03511790830998795,1.0,0.0,0.0,0.0,0.09403437815975733,0.2901921132457027,0,0,0
hotpotqa,sentence-transformers/all-MiniLM-L6-v2,0.4,3,0.37483292371103816,0.7406930849351115,0.4645384948721652,0.8129423660262892,0.9996487842845754,7.582308444213453,0.47692698133305184,4.628499335711924,-6.819694673942186,-7.252315019767489,0.12699641978897389,0.027720619532961288,1.0,0.0,0.0,0.0,0.05358948432760364,0.17795753286147623,0,0,0
hotpotqa,sentence-transformers/all-MiniLM-L6-v2,0.4,4,0.22599673435432494,0.7398542112382446,0.4633829264769608,0.8109201213346815,0.6401347742263483,3.7124470184066674,0.4721159479600595,3.0800457305197995,-4.177321619959244,-4.510513565539904,0.07244104278039402,0.02373071032400602,1.0,0.0,0.0,0.0,0.03538928210313448,0.13346814964610718,0,0,0
hotpotqa,sentence-transformers/all-MiniLM-L6-v2,0.4,5,0.1643250424533656,0.7398027848497263,0.46309403437815977,0.8104145601617796,0.3974671830355438,2.0964018552362687,0.46809113062955854,2.0388364909671948,-2.3786297451391603,-2.68578701647666,0.04511756959198941,0.022271518100009303,1.0,0.0,0.004044489383215369,0.0,0.021233569261880688,0.07583417593528817,0,0,0
hotpotqa,sentence-transformers/all-MiniLM-L6-v2,0.6,1,0.47800837686329,0.7410518376638037,0.46424960277336413,0.8124368048533872,5.310685522989507,53.08282101262521,0.5181907245736753,31.026692711612707,-53.81025513237605,-54.90605098116186,1.1438684140918711,0.0371022087168393,1.0,0.0,0.0,0.0,0.2558139534883721,0.6167846309403437,0,0,0
hotpotqa,sentence-transformers/all-MiniLM-L6-v2,0.6,2,0.3752498207129064,0.7398112330038562,0.46367181857576195,0.8114256825075834,1.6590301425260214,9.445890185129517,0.4792862674720487,8.580418054741484,-13.33478700090674,-13.383649205604952,0.22191915970721307,0.026101023386557298,1.0,0.0,0.0,0.0,0.09605662285136501,0.2871587462082912,0,0,0
hotpotqa,sentence-transformers/all-MiniLM-L6-v2,0.6,3,0.1610486707337728,0.7400595336806246,0.4633829264769608,0.8109201213346815,0.7575559840711574,2.9564720972259613,0.4706271538252898,4.063440364235755,-5.604413598233827,-5.734958839143139,0.08812131365069967,0.021806920006848775,1.0,0.0,0.0,0.0,0.044489383215369056,0.14964610717896865,0,0,0
hotpotqa,sentence-transformers/all-MiniLM-L6-v2,0.6,4,0.10249458504329045,0.740903527453656,0.46367181857576195,0.8114256825075834,0.3505715279139882,1.440456152088569,0.46666888173582943,2.0279376795414663,-2.2389630979118453,-2.4799436719482966,0.042229320631711864,0.02099147251757274,1.0,0.0,0.00910010111223458,0.0,0.017189079878665317,0.07583417593528817,0,0,0
hotpotqa,sentence-transformers/all-MiniLM-L6-v2,0.6,5,0.12414007867859816,0.7409755637844345,0.4633829264769608,0.8109201213346815,0.20484295976921355,1.0164439934006162,0.46593371395274047,2.011041007476506,-1.3372586736828316,-1.501452142132052,0.03422683421654214,0.017056556257881307,1.0,0.0,0.05055611729019211,0.0,0.01314459049544995,0.0455005055611729,0,0,0
hotpotqa,sentence-transformers/all-MiniLM-L6-v2,0.8,1,0.47800837686328945,0.7382901799592062,0.46193846598295535,0.8083923154701719,7.0809140306526785,53.08282101262521,0.5181907245736753,43.37014917817892,-76.41448470101618,-77.26987329356803,1.281160636636437,0.029770076252803323,1.0,0.0,0.0,0.0,0.3316481294236603,0.7229524772497472,0,0,0
hotpotqa,sentence-transformers/all-MiniLM-L6-v2,0.8,2,0.3040560210457471,0.7397796154972286,0.4622273580817564,0.8088978766430738,1.815167161118363,6.885304449950674,0.4754602178268293,10.408037449226466,-15.667016009088954,-15.14329341751947,0.222283733822217,0.021490089486068478,1.0,0.0,0.0,0.0,0.09706774519716886,0.3276036400404449,0,0,0
hotpotqa,sentence-transformers/all-MiniLM-L6-v2,0.8,3,0.05645132476771474,0.7397920959632951,0.4622273580817564,0.8088978766430738,0.5572686011282213,1.6847722791818238,0.4672652844026971,3.0372305802177317,-3.942370106298856,-4.176165638256729,0.06594627968688223,0.021884536657970584,1.0,0.0,0.0,0.0,0.03538928210313448,0.11526794742163801,0,0,0
hotpotqa,sentence-transformers/all-MiniLM-L6-v2,0.8,4,0.0,0.7397425417844903,0.46251625018055753,0.8094034378159757,0.16993263523712432,1.06956300732668,0.46687703932982966,1.4675312042509034,-1.0457231886578497,-1.2492827214187685,0.02682715079571046,0.018433252153847408,1.0,0.0010111223458038423,0.08088978766430738,0.0010111223458038423,0.007077856420626896,0.041456016177957536,0,0,0
hotpotqa,sentence-transformers/all-MiniLM-L6-v2,0.8,5,0.0,0.7399012055882491,0.4628051422793586,0.8099089989888777,0.03968213237346665,0.9912348287100545,0.4671740653511246,0.5743127577724148,0.11910377456855596,-0.14205396645190002,0.00945895823251731,0.016445502441493034,1.0,0.0839231547017189,0.5601617795753286,0.2123356926188069,0.005055611729019211,0.015166835187057633,0,0,0
hotpotqa,intfloat/e5-small-v2,0.1,1,0.4780083768632893,0.7268394478160999,0.4720496894409938,0.8260869565217391,0.8851142538315845,53.08282101262521,0.8323583843975626,16.922194225054884,-31.61374130293883,-32.45325184378322,1.6198294459266778,0.09576340228490507,1.0,0.0,0.0,0.0,0.11931243680485339,0.3609706774519717,0,0,0
hotpotqa,intfloat/e5-small-v2,0.1,2,0.44546263666894276,0.7326160879889556,0.4737830420338003,0.8291203235591507,0.7714294596840213,42.06466862242185,0.7899778229160906,14.241306072441706,-26.40148952123338,-27.15379821277689,1.2876375350720721,0.0904549207892166,1.0,0.0,0.0,0.0,0.09201213346814964,0.3134479271991911,0,0,0
hotpotqa,intfloat/e5-small-v2,0.1,3,0.4449354429881259,0.7378351487236411,0.47464971833020364,0.8306370070778564,0.6726572245506683,33.554816521190716,0.7506270143452983,12.061137148106402,-22.1437946460738,-22.830716296674236,1.0148390142211297,0.08418521333791552,1.0,0.0,0.0,0.0,0.11122345803842265,0.3367037411526795,0,0,0
hotpotqa,intfloat/e5-small-v2,0.1,4,0.44457433193656326,0.7441340226049332,0.4766719630218113,0.8341759352881699,0.5882866050309427,26.95619210606636,0.720791337463564,10.326832476820577,-18.71634204531134,-19.344420022557767,0.8055434501809948,0.07805449995010122,1.0,0.0,0.0,0.0,0.08695652173913043,0.2800808897876643,0,0,0
hotpotqa,intfloat/e5-small-v2,0.1,5,0.4443386260159272,0.7479702940055848,0.478694207713419,0.8377148634984833,0.5160910099263232,21.804346958136772,0.7031276344168174,8.925067448314563,-15.925863041172251,-16.51689400814788,0.643933349239091,0.07220505549806272,1.0,0.0,0.0,0.0,0.08088978766430738,0.26188068756319516,0,0,0
hotpotqa,intfloat/e5-small-v2,0.2,1,0.47800837686328973,0.7326285688735853,0.4732052578361981,0.8281092012133469,1.770228507663169,53.08282101262521,0.8323583843975626,34.77590434886733,-66.13132018361921,-67.26927299889863,3.0462309294450876,0.08763565888631888,1.0,0.0,0.0,0.0,0.21638018200202225,0.5813953488372093,0,0,0
hotpotqa,intfloat/e5-small-v2,0.2,2,0.4454550520540221,0.7454782815208502,0.47724974721941343,0.8351870576339737,1.3192744345041354,32.54464846646679,0.7458682392918786,24.281707300506827,-45.41593766561154,-46.208975088778104,1.864400086436643,0.07682918864757078,1.0,0.0,0.0,0.0,0.2082912032355915,0.5328614762386249,0,0,0
hotpotqa,intfloat/e5-small-v2,0.2,3,0.4445626484971479,0.7485733483288763,0.47811642351581674,0.8367037411526794,0.9928851598238264,20.63174627892099,0.7005418829537017,17.56795035327757,-32.14527233793455,-32.72873106437258,1.152808718782585,0.06567735320609665,1.0,0.0,0.0,0.0,0.1597573306370071,0.47219413549039435,0,0,0
hotpotqa,intfloat/e5-small-v2,0.2,4,0.4442167628190862,0.7536535528860041,0.4807164524050267,0.8412537917087968,0.7598042220040806,13.52176010387736,0.6810844814813535,13.271068269060518,-23.54087680522528,-24.00756245379192,0.7375983613325684,0.05564816296819178,1.0,0.0,0.0,0.0,0.1122345803842265,0.358948432760364,0,0,0
hotpotqa,intfloat/e5-small-v2,0.2,5,0.4441562879625522,0.7570802189286867,0.48447204968944096,0.8478260869565217,0.5911783364848587,9.123333632235985,0.6726964250493218,10.293307411512854,-17.760679356579157,-18.185262891679706,0.4849979759347451,0.04718401205739442,1.0,0.0,0.0,0.0,0.10010111223458039,0.30434782608695654,0,0,0
hotpotqa,intfloat/e5-small-v2,0.4,1,0.4780083768632897,0.7471435654819644,0.4769608551206124,0.8346814964610718,3.5404570153263393,53.08282101262521,0.8323583843975626,73.27794916087535,-141.13356632778016,-142.60205180577495,5.323315403459046,0.07268200592155126,1.0,0.0,0.0,0.0,0.43073811931243683,0.8311425682507584,0,0,0
hotpotqa,intfloat/e5-small-v2,0.4,2,0.37580864591644975,0.7568477272145139,0.48418315759063985,0.8473205257836198,1.783431052926963,17.999004857301554,0.6951224324194558,33.494992778799336,-61.98797855990631,-61.3697671203978,1.7955574945926185,0.0536781017706156,1.0,0.0,0.0,0.0,0.2750252780586451,0.6643073811931244,0,0,0
hotpotqa,intfloat/e5-small-v2,0.4,3,0.37483292371103777,0.7584500940031829,0.4862054022822475,0.8508594539939333,0.9996487842845754,7.582308444213453,0.6672660357067389,18.7360113517828,-32.84829873422418,-32.321492869131305,0.7116465245508208,0.03804757345127953,1.0,0.0,0.0,0.0,0.1678463094034378,0.44792719919110213,0,0,0
hotpotqa,intfloat/e5-small-v2,0.4,4,0.2259967343543253,0.7606426985191302,0.487649862776253,0.8533872598584429,0.6401347742263483,3.7124470184066674,0.6667875554130099,12.182734660758017,-21.233888301780066,-20.680349958046868,0.3122164704078852,0.025668689471975502,1.0,0.0,0.0,0.0,0.0910010111223458,0.3235591506572295,0,0,0
hotpotqa,intfloat/e5-small-v2,0.4,5,0.16432504245336563,0.7598960049091897,0.48793875487505417,0.8538928210313448,0.3974671830355438,2.0964018552362687,0.6732261434001556,8.148348814905571,-13.181833805233483,-12.81309578380923,0.1791700241659722,0.021999760274247264,1.0,0.0,0.0,0.0,0.08695652173913043,0.22851365015166836,0,0,0
hotpotqa,intfloat/e5-small-v2,0.6,1,0.47800837686328984,0.7537012506328531,0.4836053733930376,0.846309403437816,5.310685522989507,53.08282101262521,0.8323583843975626,115.5062991970226,-223.83498378301397,-225.34193049173768,6.843576371488966,0.05928186702264789,1.0,0.0,0.0,0.0,0.60262891809909,0.9271991911021233,0,0,0
hotpotqa,intfloat/e5-small-v2,0.6,2,0.375249820712906,0.7595166750494418,0.48707207857865087,0.8523761375126391,1.6590301425260214,9.445890185129517,0.6748268736867259,34.80760927565663,-63.126809725194626,-59.07153404716582,1.239558201588321,0.035664709898165246,1.0,0.0,0.0,0.0,0.2659251769464105,0.6380182002022244,0,0,0
hotpotqa,intfloat/e5-small-v2,0.6,3,0.16104867073377296,0.7615389035447286,0.48851653907265635,0.8549039433771486,0.7575559840711574,2.9564720972259613,0.6685940980670184,16.46879612083999,-28.395566736655194,-26.2642990086105,0.4098294396009918,0.02491932801840567,1.0,0.0,0.0,0.0,0.14256825075834176,0.4186046511627907,0,0,0
hotpotqa,intfloat/e5-small-v2,0.6,4,0.10249458504329086,0.7615770974143361,0.48909432327025854,0.8559150657229525,0.3505715279139882,1.440456152088569,0.6728639515875806,8.176301860567577,-12.856188694675286,-12.096705227538333,0.18218654327855432,0.022277804441566407,1.0,0.0,0.0,0.0,0.08291203235591507,0.25075834175935285,0,0,0
hotpotqa,intfloat/e5-small-v2,0.6,5,0.12414007867859941,0.7620303848221012,0.4896721074678608,0.8569261880687563,0.20484295976921355,1.0164439934006162,0.6761002921479536,8.816360390213848,-9.401970694066371,-7.8345865022866565,0.13786801530087803,0.015608327681163282,1.0,0.0,0.0,0.0,0.03640040444893832,0.13043478260869565,0,0,0
hotpotqa,intfloat/e5-small-v2,0.8,1,0.4780083768632894,0.755648097685949,0.4870720785786508,0.8523761375126391,7.0809140306526785,53.08282101262521,0.8323583843975626,161.4610990484062,-314.06725296593396,-315.4455257088726,7.617010658503302,0.04720643728320371,1.0,0.0,0.0,0.0,0.7330637007077856,0.9696663296258847,0,0,0
hotpotqa,intfloat/e5-small-v2,0.8,2,0.3040560210457474,0.7610809452134649,0.48909432327025854,0.8559150657229525,1.815167161118363,6.885304449950674,0.6810755020928455,44.59841103804123,-75.20665857593546,-66.99147583839326,1.034385546152946,0.02322007058428521,1.0,0.0,0.0,0.0,0.29120323559150657,0.6966632962588474,0,0,0
hotpotqa,intfloat/e5-small-v2,0.8,3,0.05645132476771512,0.7606581721889055,0.48822764697385523,0.8543983822042467,0.5572686011282213,1.6847722791818238,0.6798093890275946,12.476900895737176,-20.642969854677812,-19.50588973898116,0.305064518603565,0.024482577726137145,1.0,0.0,0.0,0.0,0.11425682507583418,0.35995955510616784,0,0,0
hotpotqa,intfloat/e5-small-v2,0.8,4,0.0,0.7606934539034452,0.48822764697385523,0.8543983822042467,0.16993263523712432,1.06956300732668,0.6830695781958477,6.342081019907533,-7.738152610267343,-6.857757531117561,0.09926924208900444,0.01562496513454066,1.0,0.0,0.0,0.0,0.032355915065722954,0.10920121334681497,0,0,0
hotpotqa,intfloat/e5-small-v2,0.8,5,0.0,0.7599801864132147,0.48793875487505417,0.8538928210313448,0.03968213237346665,0.9912348287100545,0.6847303407859995,2.413483532296514,-1.474502118607316,-1.7072794870399672,0.028884883838186853,0.01196490034771717,1.0,0.0,0.14256825075834176,0.019211324570273004,0.006066734074823054,0.020222446916076844,0,0,0
hotpotqa,BAAI/bge-small-en-v1.5,0.1,1,0.47800837686328995,0.8374790580283075,0.5148057200635562,0.9009100101112234,0.8851142538315845,53.08282101262521,1.7480783568595368,20.27859193761822,-36.95967863276366,-38.1937968966608,1.5835136070290037,0.0780502217733236,1.0,0.0,0.0,0.0,0.04954499494438827,0.19312436804853386,0,0,0
hotpotqa,BAAI/bge-small-en-v1.5,0.1,2,0.44546263666894226,0.8400202723655801,0.5162501805575618,0.903437815975733,0.7714294596840213,42.06466862242185,1.7080706200054852,17.076499612316113,-30.683756437611237,-31.89272307225796,1.2373538118522498,0.07242319739088743,1.0,0.0,0.0,0.0,0.06471183013144591,0.19413549039433772,0,0,0
hotpotqa,BAAI/bge-small-en-v1.5,0.1,3,0.4449354429881256,0.841478777597499,0.5156723963599595,0.9024266936299292,0.6726572245506683,33.554816521190716,1.6756799233092337,14.4654626276319,-25.578427524215098,-26.751574747989807,0.9722964823908946,0.06718769499540968,1.0,0.0,0.0,0.0,0.0525783619817998,0.1718907987866532,0,0,0
hotpotqa,BAAI/bge-small-en-v1.5,0.1,4,0.4445743319365636,0.8448727861881998,0.517116856853965,0.9049544994944388,0.5882866050309427,26.95619210606636,1.6583579635234404,12.380594166239959,-21.45299807766004,-22.609579762628783,0.7705412190652352,0.062218122325383186,1.0,0.0,0.0,0.0,0.03842264914054601,0.15267947421638017,0,0,0
hotpotqa,BAAI/bge-small-en-v1.5,0.1,5,0.4443386260159271,0.8451658404826716,0.5165390726563628,0.9039433771486349,0.5160910099263232,21.804346958136772,1.6410677594531053,10.692158936884116,-18.10443364210221,-19.231935156535737,0.6153814973435822,0.05754123128517558,1.0,0.0,0.0,0.0,0.033367037411526794,0.12234580384226491,0,0,0
hotpotqa,BAAI/bge-small-en-v1.5,0.2,1,0.47800837686329023,0.8398935621983954,0.5156723963599595,0.9024266936299292,1.770228507663169,53.08282101262521,1.7480783568595368,41.673162750826584,-78.08826320995445,-79.5519654398847,2.97489260759344,0.07135244516638425,1.0,0.0,0.0,0.0,0.12335692618806876,0.36299292214357937,0,0,0
hotpotqa,BAAI/bge-small-en-v1.5,0.2,2,0.44545505205402214,0.8449120840183556,0.517116856853965,0.9049544994944388,1.3192744345041354,32.54464846646679,1.6744724501252053,29.12976635658991,-53.14046170186769,-54.44586776580047,1.7794619754062262,0.06106363784639287,1.0,0.0,0.0,0.0,0.0839231547017189,0.3033367037411527,0,0,0
hotpotqa,BAAI/bge-small-en-v1.5,0.2,3,0.4445626484971475,0.8462166129848981,0.5159612884587605,0.9029322548028311,0.9928851598238264,20.63174627892099,1.636398824570273,21.0427571919391,-37.229146080287066,-38.41976165592112,1.0993335480878037,0.052231799192407294,1.0,0.0,0.0,0.0,0.08695652173913043,0.243680485338726,0,0,0
hotpotqa,BAAI/bge-small-en-v1.5,0.2,4,0.4442167628190867,0.8476776780456176,0.5168279647551639,0.9044489383215369,0.7598042220040806,13.52176010387736,1.6059709747592166,15.873768035908466,-26.940235457082835,-28.019849407038528,0.7039331353229025,0.04434521039226977,1.0,0.0,0.0,0.0,0.05055611729019211,0.18301314459049545,0,0,0
hotpotqa,BAAI/bge-small-en-v1.5,0.2,5,0.4441562879625524,0.8498523463079508,0.5182724252491694,0.9069767441860465,0.5911783364848587,9.123333632235985,1.5844230883283008,12.308640457059179,-20.0367583434985,-21.075062081789646,0.46523550089497656,0.03780106134939042,1.0,0.0,0.0,0.0,0.05864509605662285,0.17087967644084934,0,0,0
hotpotqa,BAAI/bge-small-en-v1.5,0.4,1,0.4780083768632899,0.845173969540302,0.5162501805575618,0.903437815975733,3.5404570153263393,53.08282101262521,1.7480783568595368,87.81036812312458,-167.46191830528653,-169.09819263978315,5.190427398295928,0.05908179572179297,1.0,0.0,0.0,0.0,0.22851365015166836,0.596562184024267,0,0,0
hotpotqa,BAAI/bge-small-en-v1.5,0.4,2,0.3758086459164496,0.8484019701336625,0.5176946410515673,0.9059656218402427,1.783431052926963,17.999004857301554,1.621165178181308,40.088043363433556,-72.01808065739718,-72.36700420564796,1.7140320140503054,0.04275486779253333,1.0,0.0,0.0,0.0,0.12841253791708795,0.38928210313447925,0,0,0
hotpotqa,BAAI/bge-small-en-v1.5,0.4,3,0.37483292371103866,0.8516968707853164,0.5179835331503683,0.9064711830131446,0.9996487842845754,7.582308444213453,1.571246346762014,22.399181624348177,-37.363373253060324,-37.730166708279995,0.6869760499805724,0.03067682489046565,1.0,0.0,0.0,0.0,0.10212335692618807,0.29322548028311424,0,0,0
hotpotqa,BAAI/bge-small-en-v1.5,0.4,4,0.22599673435432535,0.853807967485885,0.5185613173479706,0.9074823053589485,0.6401347742263483,3.7124470184066674,1.5503438808799874,14.595553882534304,-23.65022304585924,-23.969574705775212,0.38080057504806286,0.026093166025540404,1.0,0.0,0.0,0.0,0.05965621840242669,0.17795753286147623,0,0,0
hotpotqa,BAAI/bge-small-en-v1.5,0.4,5,0.16432504245336568,0.8541804185010374,0.5185613173479706,0.9074823053589485,0.3974671830355438,2.0964018552362687,1.5388091408447018,9.762815437265127,-14.160437363488757,-14.60508077182195,0.2354558688203293,0.024129254202970348,1.0,0.0,0.0,0.0,0.046511627906976744,0.14459049544994945,0,0,0
hotpotqa,BAAI/bge-small-en-v1.5,0.6,1,0.47800837686329006,0.8479791966905399,0.517116856853965,0.9049544994944388,5.310685522989507,53.08282101262521,1.7480783568595368,138.41198206460632,-266.0924191004784,-267.55659598786656,6.6706466462662775,0.04817303947628567,1.0,0.0,0.0,0.0,0.34580384226491406,0.7542972699696663,0,0,0
hotpotqa,BAAI/bge-small-en-v1.5,0.6,2,0.37524982071290647,0.8525570092323266,0.5185613173479704,0.9074823053589485,1.6590301425260214,9.445890185129517,1.5777950036152066,41.66967805921166,-72.44899429205032,-69.57266903877209,1.2135707693225333,0.029119904452734026,1.0,0.0,0.0,0.0,0.1506572295247725,0.41759352881698686,0,0,0
hotpotqa,BAAI/bge-small-en-v1.5,0.6,3,0.1610486707337729,0.8566243160603356,0.5205835620395782,0.9110212335692619,0.7575559840711574,2.9564720972259613,1.5465294458989065,19.682949808473843,-31.571741655881628,-30.462447303103733,0.472175059111222,0.023997435219026156,1.0,0.0,0.0,0.0,0.08998988877654196,0.24570273003033366,0,0,0
hotpotqa,BAAI/bge-small-en-v1.5,0.6,4,0.10249458504329109,0.8566885752411876,0.5202946699407771,0.91051567239636,0.3505715279139882,1.440456152088569,1.536842467690864,9.772762441271741,-13.431071784463432,-13.521110388893105,0.23211602615032448,0.02376171856202256,1.0,0.0,0.0,0.0,0.04044489383215369,0.11122345803842265,0,0,0
hotpotqa,BAAI/bge-small-en-v1.5,0.6,5,0.12414007867859886,0.8565816901522142,0.5194279936443738,0.9089989888776542,0.20484295976921355,1.0164439934006162,1.538350345391716,10.520369395925517,-8.841814663065733,-8.436979216312933,0.2154514922169993,0.020483605485921114,1.0,0.0,0.008088978766430738,0.0,0.01820020222446916,0.07280080889787664,0,0,0
hotpotqa,BAAI/bge-small-en-v1.5,0.8,1,0.47800837686328973,0.8513335717397018,0.5194279936443738,0.9089989888776542,7.0809140306526785,53.08282101262521,1.7480783568595368,193.47832559996914,-373.7926099455321,-374.8387590563105,7.4477854266807935,0.03847940257911529,1.0,0.0,0.0,0.0,0.44287158746208294,0.8442871587462083,0,0,0
hotpotqa,BAAI/bge-small-en-v1.5,0.8,2,0.3040560210457472,0.8551794118699154,0.5205835620395782,0.9110212335692619,1.815167161118363,6.885304449950674,1.5637609368026317,53.275444546212285,-85.86960218925522,-78.61883618389245,1.1653652480446532,0.021868743045372677,1.0,0.0,0.0,0.0,0.17492416582406473,0.4671385237613751,0,0,0
hotpotqa,BAAI/bge-small-en-v1.5,0.8,3,0.05645132476771522,0.8564495075825981,0.5202946699407771,0.91051567239636,0.5572686011282213,1.6847722791818238,1.5457948389622271,14.942357484415492,-22.80627232555556,-22.47628554603314,0.3320549896440805,0.022229716051089088,1.0,0.0,0.0,0.0,0.054600606673407485,0.1557128412537917,0,0,0
hotpotqa,BAAI/bge-small-en-v1.5,0.8,4,0.0,0.8557605138239768,0.5197168857431749,0.9095045500505561,0.16993263523712432,1.06956300732668,1.5403421303620835,7.567866116541198,-7.1500188680679555,-7.156687751305997,0.1462520757507386,0.01931661197733619,1.0,0.0,0.020222446916076844,0.0,0.030333670374115267,0.06066734074823053,0,0,0
hotpotqa,BAAI/bge-small-en-v1.5,0.8,5,0.0,0.8556903663177953,0.5197168857431749,0.9095045500505561,0.03968213237346665,0.9912348287100545,1.5372857382131178,2.8861104927222807,-0.5312738881394534,-1.3297286910180117,0.05355214060136353,0.018537555934005738,1.0,0.0262891809908999,0.36299292214357937,0.08998988877654196,0.006066734074823054,0.019211324570273004,0,0,0
musique,sentence-transformers/all-MiniLM-L6-v2,0.1,1,0.4780083768632894,0.72309597317365,0.45187539120805037,0.8063700707785642,0.8851142538315845,53.08282101262521,0.6074916794067446,5.15960687065736,-7.9200123166827705,-8.457433635733029,0.26750009922033857,0.051991304023161426,1.0,0.0,0.0,0.0,0.03842264914054601,0.12234580384226491,0,0,0
musique,sentence-transformers/all-MiniLM-L6-v2,0.1,2,0.445462636668942,0.7247572860736595,0.4518753912080504,0.8063700707785642,0.7714294596840213,42.06466862242185,0.587882522354232,4.327881971494565,-6.51898267079562,-7.029587161051536,0.21012209706889848,0.04870669815903298,1.0,0.0,0.0,0.0,0.041456016177957536,0.12537917087967643,0,0,0
musique,sentence-transformers/all-MiniLM-L6-v2,0.1,3,0.44493544298812576,0.724449879103408,0.4518272425249169,0.8058645096056622,0.6726572245506683,33.554816521190716,0.5732824817465578,3.6483525997905826,-5.3784066946479685,-5.8663332943728355,0.16571516862291658,0.04557723853152696,1.0,0.0,0.0,0.0,0.03538928210313448,0.10920121334681497,0,0,0
musique,sentence-transformers/all-MiniLM-L6-v2,0.1,4,0.4445743319365632,0.7250445123301048,0.4526939188213202,0.8073811931243681,0.5882866050309427,26.95619210606636,0.5626219515928846,3.1024280946866427,-4.464319436830284,-4.928379491383082,0.13193378146244372,0.042678913146732535,1.0,0.0,0.0,0.0,0.033367037411526794,0.10212335692618807,0,0,0
musique,sentence-transformers/all-MiniLM-L6-v2,0.1,5,0.4443386260159273,0.725198727480466,0.4526939188213202,0.8073811931243681,0.5160910099263232,21.804346958136772,0.554387636708719,2.659806980524431,-3.725875473806992,-4.169037936399183,0.10606603762860004,0.040030529421445214,1.0,0.0,0.003033367037411527,0.0,0.029322548028311426,0.09403437815975733,0,0,0
musique,sentence-transformers/all-MiniLM-L6-v2,0.2,1,0.4780083768632898,0.7244252534640949,0.45158649910924936,0.8058645096056622,1.770228507663169,53.08282101262521,0.6074916794067446,10.603149627910009,-17.428759601095596,-17.91300044361335,0.5025505347307339,0.04754013898187158,1.0,0.0,0.0,0.0,0.0839231547017189,0.2558139534883721,0,0,0
musique,sentence-transformers/all-MiniLM-L6-v2,0.2,2,0.4454550520540215,0.7251370447432982,0.4526939188213202,0.8073811931243681,1.3192744345041354,32.54464846646679,0.572049847552581,7.304136644793979,-11.638775749293966,-12.147261565992258,0.30375428313975145,0.041742545962339846,1.0,0.0,0.0,0.0,0.07280080889787664,0.20728008088978767,0,0,0
musique,sentence-transformers/all-MiniLM-L6-v2,0.2,3,0.44456264849714716,0.72534855439375,0.45298281092012127,0.80788675429727,0.9928851598238264,20.63174627892099,0.5527806801399399,5.202310694557124,-7.9895798850223425,-8.471463771470392,0.19072886126227037,0.036818231650012426,1.0,0.0,0.0,0.0,0.04853387259858443,0.16481294236602628,0,0,0
musique,sentence-transformers/all-MiniLM-L6-v2,0.2,4,0.44421676281908656,0.725496218859012,0.4524050267225191,0.8068756319514662,0.7598042220040806,13.52176010387736,0.5417650310271791,3.855084706731712,-5.66310398737337,-6.110448171517981,0.12530120401911596,0.03267904251556773,1.0,0.0,0.0,0.0,0.034378159757330634,0.134479271991911,0,0,0
musique,sentence-transformers/all-MiniLM-L6-v2,0.2,5,0.444156287962552,0.7261692443160698,0.4526939188213202,0.8073811931243681,0.5911783364848587,9.123333632235985,0.5337786489252012,2.958261619070596,-4.126640382165953,-4.549137586388106,0.08602824293385863,0.029271932810162746,1.0,0.0,0.0020222446916076846,0.0,0.03943377148634985,0.11627906976744186,0,0,0
musique,sentence-transformers/all-MiniLM-L6-v2,0.4,1,0.4780083768632898,0.7247532334189479,0.4526939188213202,0.8073811931243681,3.5404570153263393,53.08282101262521,0.6074916794067446,22.342046812842597,-38.668264633653,-38.55302480656731,0.8776040815487429,0.039419359688570535,1.0,0.0,0.0,0.0,0.1698685540950455,0.46511627906976744,0,0,0
musique,sentence-transformers/all-MiniLM-L6-v2,0.4,2,0.37580864591644964,0.7262108633795866,0.4529828109201213,0.80788675429727,1.783431052926963,17.999004857301554,0.5493669049744659,9.721253164004107,-15.724507097392609,-16.011085620697504,0.30141701700713924,0.031176389342145068,1.0,0.0,0.0,0.0,0.0859453993933266,0.29221435793731043,0,0,0
musique,sentence-transformers/all-MiniLM-L6-v2,0.4,3,0.37483292371103855,0.7258033770552564,0.45158649910924936,0.8058645096056622,0.9996487842845754,7.582308444213453,0.5288311772432679,5.271256763712756,-7.832224764703959,-8.18591656425526,0.13367686425199163,0.025553874581315708,1.0,0.0,0.0,0.0,0.07482305358948432,0.20728008088978767,0,0,0
musique,sentence-transformers/all-MiniLM-L6-v2,0.4,4,0.2259967343543252,0.7264481037311102,0.4518753912080504,0.8063700707785642,0.6401347742263483,3.7124470184066674,0.5199354149333387,3.511742909332705,-4.789194741168465,-5.102211885408264,0.07792146722395331,0.022378156091020528,1.0,0.0,0.0,0.0,0.034378159757330634,0.1365015166835187,0,0,0
musique,sentence-transformers/all-MiniLM-L6-v2,0.4,5,0.16432504245336563,0.7265855027847259,0.452116134623718,0.8063700707785642,0.3974671830355438,2.0964018552362687,0.5160346835761268,2.3182828447536568,-2.7383143176062252,-3.0568788192500427,0.04889975608721059,0.021294165624919054,1.0,0.0,0.005055611729019211,0.0,0.025278058645096056,0.0859453993933266,0,0,0
musique,sentence-transformers/all-MiniLM-L6-v2,0.6,1,0.47800837686328934,0.7255219763535352,0.452116134623718,0.8063700707785642,5.310685522989507,53.08282101262521,0.6074916794067446,35.216694626234144,-62.39996941340131,-61.3203769670853,1.1314218379368797,0.03226517342773,1.0,0.0,0.0,0.0,0.24570273003033366,0.6167846309403437,0,0,0
musique,sentence-transformers/all-MiniLM-L6-v2,0.6,2,0.3752498207129063,0.7261870560981738,0.4518753912080504,0.8063700707785642,1.6590301425260214,9.445890185129517,0.5326729843843092,9.759557180906096,-15.343645304727723,-15.100562914084131,0.23223586058050122,0.02398374924401473,1.0,0.0,0.0,0.0,0.10212335692618807,0.32457027300303337,0,0,0
musique,sentence-transformers/all-MiniLM-L6-v2,0.6,3,0.16104867073377313,0.7261895629020131,0.452116134623718,0.8063700707785642,0.7575559840711574,2.9564720972259613,0.5183003351649814,4.613628893805586,-6.424406012140489,-6.496651206150076,0.0954593286912651,0.020863994058562426,1.0,0.0,0.0,0.0,0.044489383215369056,0.14964610717896865,0,0,0
musique,sentence-transformers/all-MiniLM-L6-v2,0.6,4,0.10249458504329076,0.7257613340899061,0.45124945832731467,0.8048533872598584,0.3505715279139882,1.440456152088569,0.5143569018559943,2.298874191442764,-2.556630599234662,-2.8156213399324717,0.04681624605483305,0.02058324370584859,1.0,0.0020222446916076846,0.006066734074823054,0.0,0.020222446916076844,0.06066734074823053,0,0,0
musique,sentence-transformers/all-MiniLM-L6-v2,0.6,5,0.12414007867859887,0.7255597450767202,0.45124945832731467,0.8048533872598584,0.20484295976921355,1.0164439934006162,0.5144849683867185,2.2411366715393117,-1.484810934495885,-1.6658963497500694,0.03524729558261991,0.015829379550534248,1.0,0.0020222446916076846,0.05358948432760364,0.0,0.011122345803842264,0.03842264914054601,0,0,0
musique,sentence-transformers/all-MiniLM-L6-v2,0.8,1,0.4780083768632898,0.7251221434131148,0.4518272425249169,0.8058645096056622,7.0809140306526785,53.08282101262521,0.6074916794067446,49.227092044272524,-88.43494925021467,-86.15342863023103,1.275250517185947,0.026036597210307988,1.0,0.0,0.0,0.0,0.3316481294236603,0.7300303336703741,0,0,0
musique,sentence-transformers/all-MiniLM-L6-v2,0.8,2,0.3040560210457478,0.7255721563215047,0.45124945832731467,0.8048533872598584,1.815167161118363,6.885304449950674,0.5263786206984303,11.693979136295871,-17.912295791699304,-17.00329698064203,0.23248518860255743,0.020032002755863854,1.0,0.0,0.0,0.0,0.11324570273003033,0.3306370070778564,0,0,0
musique,sentence-transformers/all-MiniLM-L6-v2,0.8,3,0.05645132476771461,0.7260467080608496,0.45182724252491685,0.8058645096056622,0.5572686011282213,1.6847722791818238,0.5124649842871453,3.4474569111488687,-4.516734502356569,-4.723745167919023,0.07107904690145482,0.020796894952228143,1.0,0.0,0.0,0.0,0.03538928210313448,0.10717896865520728,0,0,0
musique,sentence-transformers/all-MiniLM-L6-v2,0.8,4,0.0,0.7262520305032296,0.45182724252491685,0.8058645096056622,0.16993263523712432,1.06956300732668,0.5143065427865973,1.6445124990035167,-1.1539838368152304,-1.400769876547815,0.029475593696469845,0.017939382903561646,1.0,0.004044489383215369,0.07785642062689585,0.0010111223458038423,0.01314459049544995,0.043478260869565216,0,0,0
musique,sentence-transformers/all-MiniLM-L6-v2,0.8,5,0.0,0.7259802409589008,0.45182724252491685,0.8058645096056622,0.03968213237346665,0.9912348287100545,0.5147203665049662,0.6556177469395335,0.13844694287757153,-0.182271590074951,0.010597123754096827,0.016161780100763416,1.0,0.0788675429726997,0.5581395348837209,0.2032355915065723,0.0010111223458038423,0.005055611729019211,0,0,0
musique,intfloat/e5-small-v2,0.1,1,0.47800837686328973,0.6509734680798388,0.4185565024796572,0.7472194135490394,0.8851142538315845,53.08282101262521,0.8655883279921914,17.308041843706263,-32.212156472111005,-33.13412673853234,1.6016309639802475,0.09256758679865325,1.0,0.0,0.0,0.0,0.0980788675429727,0.30434782608695654,0,0,0
musique,intfloat/e5-small-v2,0.1,2,0.4454626366689423,0.6561162019075784,0.42028985507246375,0.750252780586451,0.7714294596840213,42.06466862242185,0.8278473370959955,14.57054342321503,-26.89751942232243,-27.731142741403474,1.2765339194703753,0.08763499740695865,1.0,0.0,0.0,0.0,0.10212335692618807,0.34277047522750254,0,0,0
musique,intfloat/e5-small-v2,0.1,3,0.4449354429881257,0.6608501968436682,0.4235158168424093,0.756319514661274,0.6726572245506683,33.554816521190716,0.7926566506782123,12.34601235184865,-22.545093676506106,-23.322222644294726,1.0056724201198535,0.08148865171833385,1.0,0.0,0.0,0.0,0.09302325581395349,0.2851365015166835,0,0,0
musique,intfloat/e5-small-v2,0.1,4,0.4445743319365635,0.6648772987566907,0.422360248447205,0.7542972699696663,0.5882866050309427,26.95619210606636,0.7671933535738831,10.568842816670614,-19.041765610783727,-19.764482699691868,0.7980714186619218,0.0755519794801535,1.0,0.0,0.0,0.0,0.09504550050556117,0.30434782608695654,0,0,0
musique,intfloat/e5-small-v2,0.1,5,0.44433862601592694,0.6686166052870716,0.4246713852376138,0.7583417593528817,0.5160910099263232,21.804346958136772,0.7548955217290093,9.127621223922638,-16.181310581156215,-16.86745153561976,0.6377938813459283,0.0699254627970248,1.0,0.0,0.0,0.0,0.07684529828109202,0.2517694641051567,0,0,0
musique,intfloat/e5-small-v2,0.2,1,0.47800837686328934,0.6569406163251131,0.42028985507246375,0.750252780586451,1.770228507663169,53.08282101262521,0.8655883279921914,35.56852252693357,-67.4522748433993,-68.67541068455981,3.0114771743635558,0.08469684798745256,1.0,0.0,0.0,0.0,0.19817997977755308,0.5500505561172901,0,0,0
musique,intfloat/e5-small-v2,0.2,2,0.4454550520540221,0.6669325640877621,0.4246713852376138,0.7583417593528817,1.3192744345041354,32.54464846646679,0.7864862177803494,24.840684449069126,-46.28990367020781,-47.18507011919309,1.8478562342505847,0.07441875582326488,1.0,0.0,0.0,0.0,0.20525783619817997,0.5187057633973711,0,0,0
musique,intfloat/e5-small-v2,0.2,3,0.4445626484971473,0.6715303408329713,0.42558621021715054,0.7603640040444893,0.9928851598238264,20.63174627892099,0.7524495370708655,17.958715892987374,-32.72349453025451,-33.45705370071351,1.1424569688262785,0.06366837834217197,1.0,0.0,0.0,0.0,0.14661274014155712,0.4539939332659252,0,0,0
musique,intfloat/e5-small-v2,0.2,4,0.44421676281908634,0.6762424615550919,0.42760845490875826,0.7639029322548029,0.7598042220040806,13.52176010387736,0.7468682492586913,13.547439968476235,-23.956123286366672,-24.574489778001148,0.731421058893927,0.05405735169554448,1.0,0.0,0.0,0.0,0.10920121334681497,0.3488372093023256,0,0,0
musique,intfloat/e5-small-v2,0.2,5,0.44415628796255224,0.678402112846154,0.4278973470075593,0.7644084934277048,0.5911783364848587,9.123333632235985,0.7435122452322224,10.501894818293925,-18.06920209642886,-18.59189832461406,0.48131806978200636,0.04590415189067848,1.0,0.0,0.0,0.0,0.08796764408493428,0.29625884732052576,0,0,0
musique,intfloat/e5-small-v2,0.4,1,0.4780083768632898,0.6707370047807302,0.4264528865135538,0.7618806875631952,3.5404570153263393,53.08282101262521,0.8655883279921914,74.94684895578732,-144.08976418311522,-145.54965981653714,5.261398288429808,0.07022982645788714,1.0,0.0,0.0,0.0,0.4206268958543984,0.8220424671385238,0,0,0
musique,intfloat/e5-small-v2,0.4,2,0.3758086459164493,0.6760662744008341,0.4276084549087582,0.7639029322548029,1.783431052926963,17.999004857301554,0.7490696960078934,34.19945403197827,-63.22139301598162,-62.769732089153386,1.7806998273118562,0.05212657644554359,1.0,0.0,0.0,0.0,0.24974721941354905,0.6440849342770475,0,0,0
musique,intfloat/e5-small-v2,0.4,3,0.37483292371103816,0.6849361367745038,0.43223072848957583,0.7719919110212335,0.9996487842845754,7.582308444213453,0.7458021937294123,19.103619817560293,-33.47325984946484,-33.048166280773415,0.7092038493064826,0.0371922904654324,1.0,0.0,0.0,0.0,0.15166835187057634,0.448938321536906,0,0,0
musique,intfloat/e5-small-v2,0.4,4,0.22599673435432485,0.6852083403144947,0.43194183639077466,0.7714863498483316,0.6401347742263483,3.7124470184066674,0.7500330825666808,12.427600165191642,-21.655305677131462,-21.088481002668935,0.3187800485516462,0.025678070349240155,1.0,0.0,0.0,0.0,0.07987866531850354,0.30535894843276035,0,0,0
musique,intfloat/e5-small-v2,0.4,5,0.16432504245336546,0.6862066464828488,0.43194183639077466,0.7714863498483316,0.3974671830355438,2.0964018552362687,0.7484875978907632,8.317321967013207,-13.531320330643421,-13.04295481943196,0.19120541718177295,0.022998514323829544,1.0,0.0,0.0,0.0,0.05864509605662285,0.20930232558139536,0,0,0
musique,intfloat/e5-small-v2,0.6,1,0.47800837686328973,0.6738944226802492,0.4281380904232269,0.7644084934277048,5.310685522989507,53.08282101262521,0.8655883279921914,118.13525339282512,-228.6170265223371,-230.00290895595265,6.7604762386865875,0.05725216417497981,1.0,0.0,0.0,0.0,0.5935288169868554,0.9251769464105156,0,0,0
musique,intfloat/e5-small-v2,0.6,2,0.3752498207129069,0.68533831689025,0.432808512687178,0.7730030333670375,1.6590301425260214,9.445890185129517,0.7360285343366879,35.5064175746817,-64.37278245195836,-60.200784814978675,1.2487772873125376,0.03521573414749076,1.0,0.0,0.0,0.0,0.23053589484327602,0.6188068756319515,0,0,0
musique,intfloat/e5-small-v2,0.6,3,0.161048670733773,0.6854641894519217,0.429919591699167,0.7679474216380182,0.7575559840711574,2.9564720972259613,0.747350204822629,16.75976187658165,-28.98046281134293,-26.716666719478738,0.42611167838286584,0.025450382918145144,1.0,0.0,0.0,0.0,0.11830131445904954,0.39838220424671383,0,0,0
musique,intfloat/e5-small-v2,0.6,4,0.10249458504329065,0.6849418827943121,0.42905291540276363,0.7664307381193124,0.3505715279139882,1.440456152088569,0.7500730115313863,8.330456927198757,-13.182731876657824,-12.304961445287613,0.18726282920104548,0.022480317366139476,1.0,0.0,0.0,0.0,0.0455005055611729,0.1789686552072801,0,0,0
musique,intfloat/e5-small-v2,0.6,5,0.1241400786785989,0.684631899380376,0.4290529154027637,0.7664307381193124,0.20484295976921355,1.0164439934006162,0.7473821842513745,8.967443882123273,-9.588716444470375,-8.027715284507389,0.13244689077410104,0.0147468322369964,1.0,0.0,0.0,0.0,0.025278058645096056,0.11830131445904954,0,0,0
musique,intfloat/e5-small-v2,0.8,1,0.4780083768632894,0.6803786503644991,0.4313640521931725,0.7704752275025278,7.0809140306526785,53.08282101262521,0.8655883279921914,165.1339362059061,-320.8538355053866,-321.9734869219615,7.52165462081184,0.0455723992388271,1.0,0.0,0.0,0.0,0.7209302325581395,0.9716885743174924,0,0,0
musique,intfloat/e5-small-v2,0.8,2,0.3040560210457472,0.6826504335174759,0.4287640233039626,0.7659251769464105,1.815167161118363,6.885304449950674,0.7221165609793668,45.32980494858328,-76.54933496516391,-67.58769587339219,1.0698340929916583,0.02363811112090565,1.0,0.0,0.0,0.0,0.2659251769464105,0.6693629929221436,0,0,0
musique,intfloat/e5-small-v2,0.8,3,0.056451324767715756,0.6847225429689723,0.4296306996003659,0.7674418604651163,0.5572686011282213,1.6847722791818238,0.7412838371747424,12.713327881150953,-21.068189547848423,-19.88647100410449,0.3228528492371161,0.02542060883654208,1.0,0.0,0.0,0.0,0.08796764408493428,0.3063700707785642,0,0,0
musique,intfloat/e5-small-v2,0.8,4,0.0,0.684091162806941,0.42963069960036593,0.7674418604651163,0.16993263523712432,1.06956300732668,0.7425470689671346,6.450763481155794,-7.84950867707318,-6.952752018058287,0.09794732798700748,0.015181188943949804,1.0,0.0,0.0,0.0,0.023255813953488372,0.09201213346814964,0,0,0
musique,intfloat/e5-small-v2,0.8,5,0.0,0.6842141925698932,0.4302084837979681,0.7684529828109201,0.03968213237346665,0.9912348287100545,0.7401029897290606,2.459228720252144,-1.4409870852398488,-1.6728692439153765,0.029650257137595584,0.012071492492420809,1.0,0.0,0.14964610717896865,0.01820020222446916,0.005055611729019211,0.028311425682507583,0,0,0
musique,BAAI/bge-small-en-v1.5,0.1,1,0.4780083768632899,0.7648833352620082,0.46189031729982183,0.8230535894843276,0.8851142538315845,53.08282101262521,1.7165520169496296,20.47538646104044,-37.296992855571844,-38.583699152574304,1.48962444000707,0.0727254017462695,1.0,0.0,0.0,0.0,0.06066734074823053,0.19312436804853386,0,0,0
musique,BAAI/bge-small-en-v1.5,0.1,2,0.4454626366689418,0.7661228800523897,0.46362366989262843,0.8260869565217391,0.7714294596840213,42.06466862242185,1.6669872137364772,17.244809326904964,-31.001880966478012,-32.21549249710425,1.16652279652286,0.06762832246957076,1.0,0.0,0.0,0.0,0.044489383215369056,0.17492416582406473,0,0,0
musique,BAAI/bge-small-en-v1.5,0.1,3,0.4449354429881253,0.766517732589438,0.46275699359622513,0.8245702730030333,0.6726572245506683,33.554816521190716,1.632232029589893,14.60876495054977,-25.857371241576665,-27.020614021600814,0.9173359480376673,0.0627768758712984,1.0,0.0,0.0,0.0,0.056622851365015166,0.1678463094034378,0,0,0
musique,BAAI/bge-small-en-v1.5,0.1,4,0.4445743319365636,0.7662847553125218,0.46189031729982183,0.8230535894843276,0.5882866050309427,26.95619210606636,1.604960571767346,12.502904403064017,-21.70830768460703,-22.8234067171009,0.727785798970561,0.05819532341984585,1.0,0.0,0.0,0.0,0.03741152679474216,0.13346814964610718,0,0,0
musique,BAAI/bge-small-en-v1.5,0.1,5,0.44433862601592694,0.7670965569825574,0.46217920939862295,0.8235591506572295,0.5160910099263232,21.804346958136772,1.5815758488175842,10.792976101296981,-18.334902572746497,-19.424327718098485,0.5821272519288097,0.0539287708572388,1.0,0.0,0.0,0.0,0.05156723963599596,0.1557128412537917,0,0,0
musique,BAAI/bge-small-en-v1.5,0.2,1,0.4780083768632896,0.7668735731630626,0.4642014540902306,0.8270980788675429,1.770228507663169,53.08282101262521,1.7165520169496296,42.077953523630825,-78.78994472944701,-80.27284013323634,2.7973373690798984,0.0664573803781328,1.0,0.0,0.0,0.0,0.11526794742163801,0.37209302325581395,0,0,0
musique,BAAI/bge-small-en-v1.5,0.2,2,0.44545505205402175,0.7666057633242722,0.46217920939862295,0.8235591506572295,1.3192744345041354,32.54464846646679,1.6265687566435132,29.413557651333143,-53.692566795562136,-54.93407617975028,1.6795791533405546,0.057093253609589084,1.0,0.0,0.0,0.0,0.0980788675429727,0.29120323559150657,0,0,0
musique,BAAI/bge-small-en-v1.5,0.2,3,0.4445626484971477,0.768455072166419,0.46189031729982183,0.8230535894843276,0.9928851598238264,20.63174627892099,1.575911461161892,21.2365960718061,-37.64669245866122,-38.732224574155204,1.0417587754699893,0.049052483821121755,1.0,0.0,0.0,0.0,0.08088978766430738,0.25480283114256824,0,0,0
musique,BAAI/bge-small-en-v1.5,0.2,4,0.4442167628190866,0.7687771841387178,0.46217920939862295,0.8235591506572295,0.7598042220040806,13.52176010387736,1.5410058645435483,16.00613800930623,-27.259830788757853,-28.262032936464614,0.6713065946789193,0.04194948358263391,1.0,0.0,0.0,0.0,0.06572295247724974,0.20222446916076844,0,0,0
musique,BAAI/bge-small-en-v1.5,0.2,5,0.44415628796255224,0.7692604139831984,0.46275699359622513,0.8245702730030333,0.5911783364848587,9.123333632235985,1.517030056373897,12.408238781147551,-20.30892263219023,-21.272789227912074,0.44789327577103016,0.03611022713983613,1.0,0.0,0.0,0.0,0.06268958543983821,0.1911021233569262,0,0,0
musique,BAAI/bge-small-en-v1.5,0.4,1,0.47800837686328945,0.7693078660012842,0.46362366989262843,0.8260869565217391,3.5404570153263393,53.08282101262521,1.7165520169496296,88.66483257961146,-169.04487348054272,-170.5104069778608,4.876920983571977,0.05498936599725437,1.0,0.0,0.0,0.0,0.2416582406471183,0.5904954499494439,0,0,0
musique,BAAI/bge-small-en-v1.5,0.4,2,0.37580864591644947,0.7685901247273563,0.46275699359622513,0.8245702730030333,1.783431052926963,17.999004857301554,1.5575541312099106,40.44919072452523,-72.9055066273802,-72.85549327553275,1.631654791451079,0.04034757936156479,1.0,0.0,0.0,0.0,0.14560161779575329,0.42264914054600605,0,0,0
musique,BAAI/bge-small-en-v1.5,0.4,3,0.3748329237110384,0.7702750943579736,0.4642014540902306,0.8270980788675429,0.9996487842845754,7.582308444213453,1.5009950824887976,22.571135556731427,-37.86243802757814,-37.957039177403615,0.6721323474232179,0.029793787083709715,1.0,0.0,0.0,0.0,0.08291203235591507,0.2537917087967644,0,0,0
musique,BAAI/bge-small-en-v1.5,0.4,4,0.22599673435432527,0.7721434596106035,0.46545331985170196,0.8301314459049545,0.6401347742263483,3.7124470184066674,1.4907498605571936,14.719633066839283,-24.05047260130984,-24.11494958505667,0.37276905588240666,0.02533788237525126,1.0,0.0,0.0,0.0,0.05358948432760364,0.19716885743174925,0,0,0
musique,BAAI/bge-small-en-v1.5,0.4,5,0.16432504245336513,0.7729770903024156,0.46574221195050314,0.8306370070778564,0.3974671830355438,2.0964018552362687,1.4883283821468527,9.847026134123631,-14.483707664409565,-14.736274552653606,0.2318042218986488,0.023541714329441688,1.0,0.0,0.0,0.0,0.046511627906976744,0.13549039433771487,0,0,0
musique,BAAI/bge-small-en-v1.5,0.6,1,0.47800837686328956,0.7677841113587924,0.46333477779382737,0.8255813953488372,5.310685522989507,53.08282101262521,1.7165520169496296,139.76118224422385,-268.72099115225274,-269.6863770939428,6.2693492438120595,0.04485011103566484,1.0,0.0,0.0,0.0,0.35085945399393326,0.7340748230535895,0,0,0
musique,BAAI/bge-small-en-v1.5,0.6,2,0.37524982071290613,0.7719098473209984,0.4654051711685685,0.8296258847320526,1.6590301425260214,9.445890185129517,1.5088017042293105,42.01655294045641,-73.44548041398599,-69.54529738987206,1.1811984383300533,0.028115254558043666,1.0,0.0,0.0,0.0,0.13346814964610718,0.40950455005055614,0,0,0
musique,BAAI/bge-small-en-v1.5,0.6,3,0.1610486707337727,0.7725220279298987,0.46545331985170196,0.8301314459049545,0.7575559840711574,2.9564720972259613,1.488958921904993,19.84886675013525,-32.19050566065451,-30.680885081868738,0.4679305845131406,0.02358761240606709,1.0,0.0,0.0,0.0,0.06976744186046512,0.23255813953488372,0,0,0
musique,BAAI/bge-small-en-v1.5,0.6,4,0.10249458504329075,0.7733163242524596,0.46574221195050314,0.8306370070778564,0.3505715279139882,1.440456152088569,1.4908644171889318,9.879499991053445,-13.805026927574813,-13.655321033807951,0.22114489220753236,0.022402353637473796,1.0,0.0,0.0010111223458038423,0.0,0.030333670374115267,0.12841253791708795,0,0,0
musique,BAAI/bge-small-en-v1.5,0.6,5,0.12414007867859937,0.7731282666409273,0.4666088882469064,0.8321536905965622,0.20484295976921355,1.0164439934006162,1.4978778364684873,10.606223399884023,-9.113334593678463,-8.430954369486834,0.1878145794535792,0.017760046567190033,1.0,0.0,0.007077856420626896,0.0,0.025278058645096056,0.0859453993933266,0,0,0
musique,BAAI/bge-small-en-v1.5,0.8,1,0.4780083768632891,0.770904812577972,0.4654051711685685,0.8296258847320526,7.0809140306526785,53.08282101262521,1.7165520169496296,195.3670654753085,-377.60157680545785,-377.73346769398916,7.008897283802861,0.03587506900802666,1.0,0.0,0.0,0.0,0.4539939332659252,0.8382204246713852,0,0,0
musique,BAAI/bge-small-en-v1.5,0.8,2,0.30405602104574786,0.7713948562796615,0.465453319851702,0.8301314459049545,1.815167161118363,6.885304449950674,1.5068160443744718,53.69574071167117,-87.00242109777442,-78.45185307631151,1.1678165188934975,0.021754060766962954,1.0,0.0,0.0,0.0,0.15369059656218403,0.4671385237613751,0,0,0
musique,BAAI/bge-small-en-v1.5,0.8,3,0.056451324767715895,0.7730046811217575,0.46574221195050314,0.8306370070778564,0.5572686011282213,1.6847722791818238,1.491844161817591,15.06339893810565,-23.050545344774754,-22.46451181899753,0.3347102301185847,0.022247744009267132,1.0,0.0,0.0,0.0,0.04853387259858443,0.17492416582406473,0,0,0
musique,BAAI/bge-small-en-v1.5,0.8,4,0.0,0.7726675284360286,0.465453319851702,0.8301314459049545,0.16993263523712432,1.06956300732668,1.4983601546022358,7.629625507592485,-7.342696164187381,-7.185689560746468,0.13735131667766823,0.01805803998813036,1.0,0.0,0.011122345803842264,0.0,0.014155712841253791,0.04853387259858443,0,0,0
musique,BAAI/bge-small-en-v1.5,0.8,5,0.0,0.7730177011477213,0.465453319851702,0.8301314459049545,0.03968213237346665,0.9912348287100545,1.5004829873450485,2.907170064023307,-0.6222277489580077,-1.3805678411539797,0.05242927443270013,0.018042700218303218,1.0,0.010111223458038422,0.36299292214357937,0.0859453993933266,0.0010111223458038423,0.023255813953488372,0,0,0
2wikimultihopqa,sentence-transformers/all-MiniLM-L6-v2,0.1,1,0.47800837686328945,0.6043970458183461,0.43314555346911265,0.6817492416582407,0.8851142538315845,53.08282101262521,0.7489278069099353,6.476519187377762,-9.377466568074526,-10.473750845043455,0.3372672327367553,0.05274868509369197,1.0,0.0,0.0,0.0,0.03943377148634985,0.14964610717896865,0,0,0
2wikimultihopqa,sentence-transformers/all-MiniLM-L6-v2,0.1,2,0.4454626366689419,0.6055088348416774,0.43359494117835873,0.6822548028311426,0.7714294596840213,42.06466862242185,0.7278399256833041,5.430034002000262,-7.680092617268918,-8.701001176200418,0.26585487167080685,0.04959053254785174,1.0,0.0,0.0,0.0,0.03842264914054601,0.13346814964610718,0,0,0
2wikimultihopqa,sentence-transformers/all-MiniLM-L6-v2,0.1,3,0.4449354429881261,0.6053740096081273,0.4337554367888038,0.6822548028311426,0.6726572245506683,33.554816521190716,0.713484386763751,4.576018108146401,-6.30909730966228,-7.252462080685109,0.2104078253431677,0.04657170704344752,1.0,0.0,0.0,0.0,0.03741152679474216,0.12234580384226491,0,0,0
2wikimultihopqa,sentence-transformers/all-MiniLM-L6-v2,0.1,4,0.44457433193656326,0.6058676742256467,0.4331776525912016,0.6812436804853387,0.5882866050309427,26.95619210606636,0.7023962796397349,3.8882765689357197,-5.212396007544633,-6.090685600565429,0.16800857506338338,0.04376066206981063,1.0,0.0,0.0010111223458038423,0.0,0.033367037411526794,0.1051567239635996,0,0,0
2wikimultihopqa,sentence-transformers/all-MiniLM-L6-v2,0.1,5,0.444338626015927,0.6069934594270451,0.43404432888760486,0.6827603640040445,0.5160910099263232,21.804346958136772,0.693650845178338,3.330016081193598,-4.327554837445889,-5.143445307199303,0.13534871114397193,0.04116342498982108,1.0,0.0,0.0020222446916076846,0.0,0.027300303336703743,0.08493427704752275,0,0,0
2wikimultihopqa,sentence-transformers/all-MiniLM-L6-v2,0.2,1,0.47800837686328956,0.6043214040426818,0.43243937278315436,0.6802325581395349,1.770228507663169,53.08282101262521,0.7489278069099353,13.309410670659874,-21.00696262713295,-22.26193847999045,0.6353103605874026,0.048347008338563965,1.0,0.0,0.0,0.0,0.0859453993933266,0.2730030333670374,0,0,0
2wikimultihopqa,sentence-transformers/all-MiniLM-L6-v2,0.2,2,0.44545505205402103,0.6057508085279433,0.43311345434702353,0.6809908998988877,1.3192744345041354,32.54464846646679,0.7118041977000068,9.151210797178232,-13.872167237235855,-15.068779641002255,0.38707569750784865,0.04283987610064594,1.0,0.0,0.0,0.0,0.06572295247724974,0.22345803842264914,0,0,0
2wikimultihopqa,sentence-transformers/all-MiniLM-L6-v2,0.2,3,0.4445626484971475,0.6071464163578003,0.434269022742228,0.6830131445904954,0.9928851598238264,20.63174627892099,0.691765242507653,6.502806081692147,-9.440275068171308,-10.479846206750096,0.24370293308678484,0.03795893827981317,1.0,0.0,0.0,0.0,0.046511627906976744,0.16481294236602628,0,0,0
2wikimultihopqa,sentence-transformers/all-MiniLM-L6-v2,0.2,4,0.4442167628190868,0.6094182365462685,0.4358739788466785,0.6855409504550051,0.7598042220040806,13.52176010387736,0.6807695142359776,4.804962934073749,-6.629084666937621,-7.543422797019948,0.15972541807515073,0.03369056267056918,1.0,0.0,0.0,0.0,0.03842264914054601,0.1385237613751264,0,0,0
2wikimultihopqa,sentence-transformers/all-MiniLM-L6-v2,0.2,5,0.4441562879625519,0.6082495549296687,0.43571348323623343,0.6855409504550051,0.5911783364848587,9.123333632235985,0.6742973593416783,3.674355731095486,-4.786003719991863,-5.599674971096028,0.10882075923458269,0.030046377892267603,1.0,0.0,0.0010111223458038423,0.0,0.032355915065722954,0.11526794742163801,0,0,0
2wikimultihopqa,sentence-transformers/all-MiniLM-L6-v2,0.4,1,0.4780083768632899,0.6071870963843269,0.434557914841029,0.6835187057633973,3.5404570153263393,53.08282101262521,0.7489278069099353,28.04431052493711,-47.19203177785899,-47.911915144506686,1.1163595515567926,0.04031130064633864,1.0,0.0,0.0,0.0,0.17087967644084934,0.46107178968655205,0,0,0
2wikimultihopqa,sentence-transformers/all-MiniLM-L6-v2,0.4,2,0.3758086459164495,0.6081443528954763,0.4357776814804115,0.685793731041456,1.783431052926963,17.999004857301554,0.6881030982075856,12.065738948174499,-18.821795451632163,-19.790587006446387,0.3830236186573792,0.0321968578562684,1.0,0.0,0.0,0.0,0.08190091001011122,0.2982810920121335,0,0,0
2wikimultihopqa,sentence-transformers/all-MiniLM-L6-v2,0.4,3,0.3748329237110379,0.6080770897006738,0.4351998972828093,0.6847826086956522,0.9996487842845754,7.582308444213453,0.6725288182346355,6.490920906647357,-9.175868650722041,-10.067132370155191,0.16642181841229042,0.026025354608357698,1.0,0.0,0.0,0.0,0.04954499494438827,0.17593528816986856,0,0,0
2wikimultihopqa,sentence-transformers/all-MiniLM-L6-v2,0.4,4,0.2259967343543251,0.6075101083200077,0.4349752034281862,0.6845298281092013,0.6401347742263483,3.7124470184066674,0.6684892408105312,4.318341568315514,-5.5192755649004415,-6.240308042583649,0.09389554402584735,0.02201409005222124,1.0,0.0,0.0010111223458038423,0.0,0.03842264914054601,0.1365015166835187,0,0,0
2wikimultihopqa,sentence-transformers/all-MiniLM-L6-v2,0.4,5,0.16432504245336543,0.6086213131613807,0.43619497006756863,0.6868048533872598,0.3974671830355438,2.0964018552362687,0.6678383936173272,2.8345024452254473,-3.085033497790085,-3.7254288336401555,0.05694336381611858,0.02034361802166878,1.0,0.0020222446916076846,0.00910010111223458,0.0,0.024266936299292215,0.09504550050556117,0,0,0
2wikimultihopqa,sentence-transformers/all-MiniLM-L6-v2,0.6,1,0.47800837686329006,0.6075827059921135,0.43555298762578837,0.6855409504550051,5.310685522989507,53.08282101262521,0.7489278069099353,44.20470954747097,-76.3960048137928,-76.16800516217258,1.4494131400925083,0.03320062779691807,1.0,0.0,0.0,0.0,0.2345803842264914,0.596562184024267,0,0,0
2wikimultihopqa,sentence-transformers/all-MiniLM-L6-v2,0.6,2,0.37524982071290625,0.6073455720040936,0.4346863113293851,0.6840242669362993,1.6590301425260214,9.445890185129517,0.6748592672743378,11.883693457133653,-18.07417557269514,-18.46245058788296,0.28695735914672227,0.024522177792222346,1.0,0.0,0.0,0.0,0.08998988877654196,0.29524772497472196,0,0,0
2wikimultihopqa,sentence-transformers/all-MiniLM-L6-v2,0.6,3,0.16104867073377294,0.608429044548046,0.43532829377116533,0.6852881698685541,0.7575559840711574,2.9564720972259613,0.6681727290274039,5.640853223375853,-7.426870073700256,-7.936131958722148,0.11180377559485884,0.020017446082199075,1.0,0.0,0.0,0.0,0.03842264914054601,0.16481294236602628,0,0,0
2wikimultihopqa,sentence-transformers/all-MiniLM-L6-v2,0.6,4,0.10249458504329087,0.6097810822184645,0.4365480604105477,0.6875631951466128,0.3505715279139882,1.440456152088569,0.6674297162085862,2.811553573575926,-2.879050423500874,-3.435989723702044,0.05088055014791093,0.018347885322463488,1.0,0.0,0.01314459049544995,0.0,0.020222446916076844,0.06167846309403438,0,0,0
2wikimultihopqa,sentence-transformers/all-MiniLM-L6-v2,0.6,5,0.12414007867859854,0.6094414177110467,0.43706164636397193,0.6883215369059656,0.20484295976921355,1.0164439934006162,0.6678706253864647,2.581562397892283,-1.6736409358344055,-2.0561954322099805,0.04024669506913851,0.015894281822870913,1.0,0.0010111223458038423,0.05358948432760364,0.0,0.008088978766430738,0.054600606673407485,0,0,0
2wikimultihopqa,sentence-transformers/all-MiniLM-L6-v2,0.8,1,0.47800837686328956,0.6065780862452638,0.43584187972458954,0.686046511627907,7.0809140306526785,53.08282101262521,0.7489278069099353,61.79060554750832,-108.31378262696748,-106.95935776535438,1.6435016574464263,0.026930018156781147,1.0,0.0,0.0,0.0,0.32153690596562184,0.7259858442871587,0,0,0
2wikimultihopqa,sentence-transformers/all-MiniLM-L6-v2,0.8,2,0.3040560210457475,0.6096936471996833,0.4361949700675686,0.6868048533872598,1.815167161118363,6.885304449950674,0.6728727671085161,13.938578891568945,-20.996363699765787,-20.717464274512274,0.28557365783184196,0.020793578040132214,1.0,0.0,0.0,0.0,0.09605662285136501,0.3306370070778564,0,0,0
2wikimultihopqa,sentence-transformers/all-MiniLM-L6-v2,0.8,3,0.05645132476771521,0.6104497641911728,0.43683695250934884,0.6880687563195147,0.5572686011282213,1.6847722791818238,0.6662111519501592,4.2260061235318815,-5.193940242123364,-5.838195696628253,0.0826945314438085,0.01973631296839269,1.0,0.0,0.0,0.0,0.027300303336703743,0.12032355915065723,0,0,0
2wikimultihopqa,sentence-transformers/all-MiniLM-L6-v2,0.8,4,0.0,0.6097920479342746,0.43706164636397193,0.6883215369059656,0.16993263523712432,1.06956300732668,0.6680718260177828,1.967090397344619,-1.2426142675781655,-1.809193108201276,0.03311932746874671,0.017141137223698883,1.0,0.004044489383215369,0.10111223458038422,0.0010111223458038423,0.00910010111223458,0.044489383215369056,0,0,0
2wikimultihopqa,sentence-transformers/all-MiniLM-L6-v2,0.8,5,0.0,0.6096190420444203,0.43706164636397193,0.6883215369059656,0.03968213237346665,0.9912348287100545,0.6686824952507405,0.7766771667454014,0.2503061140053956,-0.28623537604594806,0.011745958450590274,0.015164337442653433,1.0,0.09403437815975733,0.6006066734074823,0.1890798786653185,0.003033367037411527,0.017189079878665317,0,0,0
2wikimultihopqa,intfloat/e5-small-v2,0.1,1,0.47800837686328956,0.6428578129112725,0.44916301539152903,0.711324570273003,0.8851142538315845,53.08282101262521,0.8069925722868546,17.026504071173267,-31.766789192215807,-32.50627039074701,1.6046815492265507,0.09423538501170078,1.0,0.0,0.0,0.0,0.1102123356926188,0.35995955510616784,0,0,0
2wikimultihopqa,intfloat/e5-small-v2,0.1,2,0.44546263666894215,0.6507666758418453,0.4534642977514565,0.718149646107179,0.7714294596840213,42.06466862242185,0.7739314165105714,14.323255377814938,-26.52851373451003,-27.199852453825308,1.2747109146041022,0.08899103406996225,1.0,0.0,0.0,0.0,0.09302325581395349,0.3114256825075834,0,0,0
2wikimultihopqa,intfloat/e5-small-v2,0.1,3,0.444935442988125,0.6559945145315697,0.4555186415651532,0.7211830131445905,0.6726572245506683,33.554816521190716,0.7484610222950503,12.126390863604236,-22.246707800680937,-22.866277625478723,1.0078411198723063,0.08311472594837349,1.0,0.0,0.0,0.0,0.0980788675429727,0.29524772497472196,0,0,0
2wikimultihopqa,intfloat/e5-small-v2,0.1,4,0.44457433193656387,0.6580960011533977,0.4541704784374147,0.7196663296258847,0.5882866050309427,26.95619210606636,0.7337977348613064,10.375585247564858,-18.795165325257763,-19.385197654099557,0.8026628561762394,0.07737401985073356,1.0,0.0,0.0,0.0,0.0717896865520728,0.2891809908998989,0,0,0
2wikimultihopqa,intfloat/e5-small-v2,0.1,5,0.4443386260159274,0.6607948524085466,0.454876659123373,0.7211830131445905,0.5160910099263232,21.804346958136772,0.7230338356010352,8.957105212383121,-15.981431073387753,-16.55518594026219,0.6435665983040002,0.0718709574621741,1.0,0.0,0.0,0.0,0.06572295247724974,0.2537917087967644,0,0,0
2wikimultihopqa,intfloat/e5-small-v2,0.2,1,0.4780083768632896,0.649992446473195,0.4523729276004301,0.7163801820020222,1.770228507663169,53.08282101262521,0.8069925722868546,34.99010195845015,-66.49845092518837,-67.39214274439964,3.020248197086901,0.0863083011978346,1.0,0.0,0.0,0.0,0.20525783619817997,0.5540950455005056,0,0,0
2wikimultihopqa,intfloat/e5-small-v2,0.2,2,0.44545505205402175,0.6584481065156991,0.45439517229203785,0.7199191102123357,1.3192744345041354,32.54464846646679,0.7480788197146147,24.398324006192052,-45.61617340862734,-46.2534651257694,1.8520131087037983,0.07591152154465718,1.0,0.0,0.0,0.0,0.17391304347826086,0.5247724974721941,0,0,0
2wikimultihopqa,intfloat/e5-small-v2,0.2,3,0.444562648497147,0.6632204887619852,0.45497295648964,0.7209302325581395,0.9928851598238264,20.63174627892099,0.7187638355096985,17.61846999759235,-32.27445827849597,-32.78828276517128,1.1534347418465918,0.06549011143498806,1.0,0.0,0.0,0.0,0.134479271991911,0.4287158746208291,0,0,0
2wikimultihopqa,intfloat/e5-small-v2,0.2,4,0.44421676281908645,0.6645081422675778,0.4534642977514565,0.718149646107179,0.7598042220040806,13.52176010387736,0.6877506591673447,13.2832180529328,-23.661658584031013,-24.052698271200324,0.7418206834937733,0.05588615332538659,1.0,0.0,0.0,0.0,0.1172901921132457,0.41253791708796766,0,0,0
2wikimultihopqa,intfloat/e5-small-v2,0.2,5,0.4441562879625524,0.668208205610488,0.4552618485884411,0.7214357937310415,0.5911783364848587,9.123333632235985,0.6519935615624407,10.295262043166142,-17.879245791136324,-18.208549769739886,0.4884531852328741,0.04749447395272649,1.0,0.0,0.0,0.0,0.1365015166835187,0.3316481294236603,0,0,0
2wikimultihopqa,intfloat/e5-small-v2,0.4,1,0.47800837686328995,0.6614363903382701,0.4539778837048807,0.7189079878665319,3.5404570153263393,53.08282101262521,0.8069925722868546,73.72866306831723,-141.98461214134554,-142.86516760875875,5.288133727286776,0.07171864455461287,1.0,0.0,0.0,0.0,0.3943377148634985,0.8190091001011123,0,0,0
2wikimultihopqa,intfloat/e5-small-v2,0.4,2,0.3758086459164494,0.6691235882147011,0.45721989503587074,0.724721941354904,1.783431052926963,17.999004857301554,0.7052726977033008,33.519995004224135,-62.188153471624126,-61.3351785761527,1.798723215039507,0.05368837595604183,1.0,0.0,0.0,0.0,0.2982810920121335,0.7007077856420627,0,0,0
2wikimultihopqa,intfloat/e5-small-v2,0.4,3,0.3748329237110383,0.6713281355928736,0.4559038310302213,0.7226996966632963,0.9996487842845754,7.582308444213453,0.6417740647303444,18.709383352557133,-33.03115263897721,-32.32711302747676,0.7125590780506963,0.03814680615966052,1.0,0.0,0.0,0.0,0.16885743174924167,0.4671385237613751,0,0,0
2wikimultihopqa,intfloat/e5-small-v2,0.4,4,0.2259967343543254,0.6720244841322189,0.454940857367551,0.7214357937310415,0.6401347742263483,3.7124470184066674,0.6423360942227293,12.20449181275843,-21.383842923520564,-20.61128870084203,0.3082830971003302,0.025291793998238603,1.0,0.0,0.0,0.0,0.10212335692618807,0.32861476238624876,0,0,0
2wikimultihopqa,intfloat/e5-small-v2,0.4,5,0.1643250424533657,0.6719769181389529,0.45288651355385434,0.71840242669363,0.3974671830355438,2.0964018552362687,0.6437712535337442,8.16984244683149,-13.361722412444625,-12.740771233300634,0.18574080742044324,0.022708025335989142,1.0,0.0,0.0,0.0,0.0717896865520728,0.24671385237613752,0,0,0
2wikimultihopqa,intfloat/e5-small-v2,0.6,1,0.47800837686329,0.6681186785666902,0.45564703805350926,0.7216885743174924,5.310685522989507,53.08282101262521,0.8069925722868546,116.21574333679183,-225.20964770629658,-225.76451069995423,6.8139856722284975,0.058629671616870084,1.0,0.0,0.0,0.0,0.5793731041456016,0.9403437815975733,0,0,0
2wikimultihopqa,intfloat/e5-small-v2,0.6,2,0.3752498207129063,0.6732802131243321,0.4564174169836455,0.7234580384226491,1.6590301425260214,9.445890185129517,0.6523845082467198,34.760691021700374,-63.1380914019952,-58.9899114660367,1.2274332499721052,0.03535640261593821,1.0,0.0,0.0,0.0,0.2780586450960566,0.6663296258847321,0,0,0
2wikimultihopqa,intfloat/e5-small-v2,0.6,3,0.16104867073377305,0.6757230424044437,0.45449146965830484,0.7209302325581395,0.7575559840711574,2.9564720972259613,0.6466603563576786,16.44671272310801,-28.54712387976927,-25.993149545303382,0.41834698359814404,0.02544190245506073,1.0,0.0,0.0,0.0,0.14155712841253792,0.41253791708796766,0,0,0
2wikimultihopqa,intfloat/e5-small-v2,0.6,4,0.10249458504329023,0.6764023439587367,0.4541062801932367,0.7206774519716885,0.3505715279139882,1.440456152088569,0.6427027448725532,8.194368003103063,-13.054381065824483,-11.933451472616293,0.18334594510563465,0.02233150454359792,1.0,0.0,0.0,0.0,0.06370070778564206,0.224469160768453,0,0,0
2wikimultihopqa,intfloat/e5-small-v2,0.6,5,0.12414007867859841,0.67566846442648,0.4533038021410114,0.7194135490394338,0.20484295976921355,1.0164439934006162,0.6373253524363703,8.811122723233925,-9.6151264217194,-7.774534730135065,0.13407305494719254,0.015113377895898797,1.0,0.0,0.0,0.0,0.04954499494438827,0.14256825075834176,0,0,0
2wikimultihopqa,intfloat/e5-small-v2,0.8,1,0.47800837686328973,0.6722565381810399,0.4556470380535092,0.7216885743174924,7.0809140306526785,53.08282101262521,0.8069925722868546,162.45163076083503,-316.0006838758753,-316.01435096089045,7.60742467527322,0.04682925798084094,1.0,0.0,0.0,0.0,0.7280080889787665,0.974721941354904,0,0,0
2wikimultihopqa,intfloat/e5-small-v2,0.8,2,0.3040560210457474,0.6774467437263527,0.45603222751857736,0.7232052578361982,1.815167161118363,6.885304449950674,0.6758000264876532,44.45719043528662,-75.23750512092872,-66.38471559766828,1.031081601751345,0.02322051132228389,1.0,0.0,0.0,0.0,0.2972699696663296,0.6905965621840243,0,0,0
2wikimultihopqa,intfloat/e5-small-v2,0.8,3,0.05645132476771489,0.675826482646674,0.4527902161875872,0.7186552072800809,0.5572686011282213,1.6847722791818238,0.6452327762985616,12.49266682103022,-20.83383686952032,-19.406652491930572,0.3228712592978328,0.025814999752664002,1.0,0.0,0.0,0.0,0.12537917087967643,0.38119312436804853,0,0,0
2wikimultihopqa,intfloat/e5-small-v2,0.8,4,0.0,0.6772206357201644,0.4532396038968334,0.7191607684529828,0.16993263523712432,1.06956300732668,0.637603759765625,6.338313285051909,-7.926328582027979,-6.913250234449214,0.10058219223099603,0.01576972915085141,1.0,0.0,0.0,0.0,0.03640040444893832,0.09706774519716886,0,0,0
2wikimultihopqa,intfloat/e5-small-v2,0.8,5,0.0,0.6767040316880104,0.4529507117980323,0.7186552072800809,0.03968213237346665,0.9912348287100545,0.6397809914800106,2.4167397734831684,-1.5231879343612051,-1.7506160043885124,0.02700320437656013,0.01116680105580738,1.0,0.0,0.12032355915065723,0.015166835187057633,0.011122345803842264,0.028311425682507583,0,0,0
2wikimultihopqa,BAAI/bge-small-en-v1.5,0.1,1,0.4780083768632898,0.8124620436638049,0.5210650488709133,0.8250758341759353,0.8851142538315845,53.08282101262521,1.8192587429158487,20.108339711691478,-36.63970962006513,-37.74091843297339,1.5003293985303179,0.07457544572970645,1.0,0.0,0.0,0.0,0.055611729019211326,0.19211324570273003,0,0,0
2wikimultihopqa,BAAI/bge-small-en-v1.5,0.1,2,0.4454626366689422,0.8134292394464469,0.5204551655512222,0.8245702730030333,0.7714294596840213,42.06466862242185,1.7515865032786184,16.92268313402266,-30.45843703539574,-31.49640277599234,1.1709368197573207,0.06915978515712316,1.0,0.0,0.0,0.0,0.054600606673407485,0.1698685540950455,0,0,0
2wikimultihopqa,BAAI/bge-small-en-v1.5,0.1,3,0.4449354429881253,0.8135828484967105,0.5201662734524211,0.8240647118301314,0.6726572245506683,33.554816521190716,1.6967279223990754,14.326295707294761,-25.418740278499772,-26.397312956982894,0.9213169742040374,0.06427791642922547,1.0,0.0,0.0,0.0,0.055611729019211326,0.16177957532861476,0,0,0
2wikimultihopqa,BAAI/bge-small-en-v1.5,0.1,4,0.4445743319365631,0.8139087875479729,0.5193637954001957,0.8228008088978767,0.5882866050309427,26.95619210606636,1.65261322808338,12.255556868088874,-21.353185672979155,-22.29700585848024,0.7310905803684277,0.05962588600581548,1.0,0.0,0.0,0.0,0.05055611729019211,0.134479271991911,0,0,0
2wikimultihopqa,BAAI/bge-small-en-v1.5,0.1,5,0.4443386260159271,0.8147697816980372,0.5193637954001958,0.8228008088978767,0.5160910099263232,21.804346958136772,1.6149392605310022,10.582052436544656,-18.044434023903097,-18.95794375822992,0.5847652655158896,0.055235154730409124,1.0,0.0,0.0,0.0,0.043478260869565216,0.12841253791708795,0,0,0
2wikimultihopqa,BAAI/bge-small-en-v1.5,0.2,1,0.4780083768632896,0.8137452943927544,0.5210329497488243,0.8255813953488372,1.770228507663169,53.08282101262521,1.8192587429158487,41.32314765847001,-77.52948616382929,-78.59622713748573,2.8177633603735326,0.06815551315274812,1.0,0.0,0.0,0.0,0.11830131445904954,0.34277047522750254,0,0,0
2wikimultihopqa,BAAI/bge-small-en-v1.5,0.2,2,0.44545505205402164,0.8141178116698943,0.5195884892548189,0.8230535894843276,1.3192744345041354,32.54464846646679,1.6889901542085006,28.83404918303809,-52.83749993264492,-53.679191876580056,1.6864788471989491,0.05846642339254239,1.0,0.0,0.0,0.0,0.1051567239635996,0.2891809908998989,0,0,0
2wikimultihopqa,BAAI/bge-small-en-v1.5,0.2,3,0.4445626484971476,0.8167853379551361,0.5202304716965991,0.8243174924165824,0.9928851598238264,20.63174627892099,1.6046999014303827,20.812505424894656,-37.06566823828869,-37.81684985294197,1.0464484269746754,0.05026091223355093,1.0,0.0,0.0,0.0,0.08291203235591507,0.2396359959555106,0,0,0
2wikimultihopqa,BAAI/bge-small-en-v1.5,0.2,4,0.44421676281908684,0.817705941492635,0.5204551655512222,0.8245702730030333,0.7598042220040806,13.52176010387736,1.5539202289947727,15.69582815749277,-26.8633277652981,-27.565600884795106,0.6751129470532053,0.043002249678658,1.0,0.0,0.0,0.0,0.0717896865520728,0.2123356926188069,0,0,0
2wikimultihopqa,BAAI/bge-small-en-v1.5,0.2,5,0.4441562879625518,0.8174373166233391,0.5209687515046463,0.8253286147623863,0.5911783364848587,9.123333632235985,1.522863108419914,12.166756297483852,-20.015268459519323,-20.686314993482267,0.4502178660779438,0.03700049875502521,1.0,0.0,0.0,0.0,0.05358948432760364,0.16380182002022245,0,0,0
2wikimultihopqa,BAAI/bge-small-en-v1.5,0.4,1,0.47800837686328956,0.8146744434870111,0.519652687498997,0.8233063700707786,3.5404570153263393,53.08282101262521,1.8192587429158487,87.07249658451559,-166.3124909890375,-167.00923381465293,4.9132485192031785,0.05640153881509498,1.0,0.0,0.0,0.0,0.24772497472194135,0.5773508594539939,0,0,0
2wikimultihopqa,BAAI/bge-small-en-v1.5,0.4,2,0.3758086459164495,0.8195585745217008,0.523023095318343,0.8283619817997978,1.783431052926963,17.999004857301554,1.577497139015622,39.60742950587409,-71.63199511344561,-71.05776633827716,1.6406433117040127,0.041418512582550034,1.0,0.0,0.0,0.0,0.16885743174924167,0.40141557128412536,0,0,0
2wikimultihopqa,BAAI/bge-small-en-v1.5,0.4,3,0.3748329237110384,0.8200097001406392,0.5232156900508771,0.8278564206268959,0.9996487842845754,7.582308444213453,1.5107642560443937,22.124208826160576,-37.2104401222602,-36.9212183872516,0.6735617798669273,0.030446118508790043,1.0,0.0,0.0,0.0,0.10010111223458039,0.27401415571284127,0,0,0
2wikimultihopqa,BAAI/bge-small-en-v1.5,0.4,4,0.22599673435432463,0.8197348927299362,0.523055194440432,0.8278564206268959,0.6401347742263483,3.7124470184066674,1.4962341648020807,14.438297358737563,-23.50369915579755,-23.34392139687885,0.37761999888174214,0.026161770179286583,1.0,0.0,0.0,0.0,0.06471183013144591,0.17492416582406473,0,0,0
2wikimultihopqa,BAAI/bge-small-en-v1.5,0.4,5,0.16432504245336568,0.8206502626117187,0.5234082847834112,0.8286147623862488,0.3974671830355438,2.0964018552362687,1.4997439177139946,9.661442296818452,-14.052875561979098,-14.23018181466934,0.2358913884485937,0.02440455090344759,1.0,0.0,0.0020222446916076846,0.0,0.03741152679474216,0.1435793731041456,0,0,0
2wikimultihopqa,BAAI/bge-small-en-v1.5,0.6,1,0.4780083768632896,0.8184541556251425,0.5219317251673167,0.826592517694641,5.310685522989507,53.08282101262521,1.8192587429158487,137.2483320408194,-264.297522878745,-264.18144175271374,6.307779213777085,0.0459416775196589,1.0,0.0,0.0,0.0,0.37917087967644086,0.7391304347826086,0,0,0
2wikimultihopqa,BAAI/bge-small-en-v1.5,0.6,2,0.3752498207129063,0.8207416007775985,0.5234082847834112,0.8286147623862488,1.6590301425260214,9.445890185129517,1.506218851396119,41.16422881665672,-71.80465976437169,-67.87893022014701,1.1833438651506292,0.02874798850024986,1.0,0.0,0.0,0.0,0.17290192113245703,0.42163801820020225,0,0,0
2wikimultihopqa,BAAI/bge-small-en-v1.5,0.6,3,0.16104867073377271,0.8200309730081574,0.5223811128765627,0.8270980788675429,0.7575559840711574,2.9564720972259613,1.4955464855845946,19.477367716401695,-31.389056909229744,-29.653923071606197,0.47835367200830226,0.024570860360214993,1.0,0.0,0.0,0.0,0.09302325581395349,0.26188068756319516,0,0,0
2wikimultihopqa,BAAI/bge-small-en-v1.5,0.6,4,0.10249458504329084,0.8202242906839246,0.5223169146323848,0.826845298281092,0.3505715279139882,1.440456152088569,1.5052043482796849,9.692190529381053,-13.487365790075453,-13.138476605198605,0.2273827187332755,0.023469318766120958,1.0,0.0,0.0020222446916076846,0.0,0.04954499494438827,0.13245702730030334,0,0,0
2wikimultihopqa,BAAI/bge-small-en-v1.5,0.6,5,0.12414007867859919,0.8210430068930628,0.5222848155102957,0.8273508594539939,0.20484295976921355,1.0164439934006162,1.5126419915950455,10.439880594211527,-8.986959819412016,-8.103474556682507,0.19485043370446495,0.018744372924669572,1.0,0.0,0.00910010111223458,0.0,0.03134479271991911,0.07785642062689585,0,0,0
2wikimultihopqa,BAAI/bge-small-en-v1.5,0.8,1,0.47800837686328973,0.819866143847889,0.5243712584460813,0.8298786653185035,7.0809140306526785,53.08282101262521,1.8192587429158487,191.85095546688845,-371.3077738326123,-370.0232796912147,7.035987368006075,0.036665214305132136,1.0,0.0,0.0,0.0,0.5045500505561172,0.8483316481294236,0,0,0
2wikimultihopqa,BAAI/bge-small-en-v1.5,0.8,2,0.3040560210457476,0.8191038958196891,0.5220922207777616,0.826592517694641,1.815167161118363,6.885304449950674,1.500953491102938,52.69139894480531,-84.97709538594889,-76.59746172418409,1.130255264266798,0.02146027760795822,1.0,0.0,0.0,0.0,0.19009100101112233,0.4661274014155713,0,0,0
2wikimultihopqa,BAAI/bge-small-en-v1.5,0.8,3,0.05645132476771587,0.8202049462465466,0.5225416084870078,0.8270980788675429,0.5572686011282213,1.6847722791818238,1.5164169373237448,14.78539197294611,-22.445828632623954,-21.651278803529387,0.34097459752591003,0.023039267318622315,1.0,0.0,0.0,0.0,0.06370070778564206,0.1820020222446916,0,0,0
2wikimultihopqa,BAAI/bge-small-en-v1.5,0.8,4,0.0,0.8212693258571401,0.5228305005858089,0.8276036400404448,0.16993263523712432,1.06956300732668,1.5113151654435362,7.509966203303529,-7.16121112925459,-6.796724754468945,0.14168819836345553,0.018923266625311606,1.0,0.0020222446916076846,0.01820020222446916,0.0,0.017189079878665317,0.06673407482305359,0,0,0
2wikimultihopqa,BAAI/bge-small-en-v1.5,0.8,5,0.0,0.8219197570859578,0.5228305005858089,0.8276036400404448,0.03968213237346665,0.9912348287100545,1.5093780841576678,2.853638524541297,-0.568536057654377,-1.253933432493778,0.04901653690935989,0.017187483841617546,1.0,0.027300303336703743,0.35490394337714865,0.09706774519716886,0.006066734074823054,0.024266936299292215,0,0,0
